TABLE_NAME,LAST_ALTERED,ROW_COUNT
FIA_PW_TRAINING,2024-12-30 02:07:08.008 -0800,0
FIA_STD_LIVERAMP_DCM_RICH_MEDIA_NPLD,2024-12-30 01:17:48.106 -0800,0
S_CALL2_JPC,2024-12-18 05:36:08.760 -0800,0
S_CDIS_KEYMAP,2025-11-11 13:40:14.237 -0800,30578413
S_CVENT_MEETING_REQUEST,2025-11-11 11:58:15.810 -0800,301856
S_GERS_GER_SAL_NAT_MIXT_QUANTI_CLAS_ATC,2025-10-21 15:43:55.189 -0700,37215
S_GLBL_CONSNT_MDL_CPH_CONSNT_CDP_EXPRY_DATE,2024-12-18 04:26:08.283 -0800,101
S_ALN_RECORD_TYPE,2024-12-27 18:47:17.982 -0800,54
S_ALN_ROSTER_MEMBER_HIST,2025-11-11 17:39:51.710 -0800,25942
S_CVENT_BUDGETITEM_COST,2025-11-11 11:58:35.597 -0800,746755
S_CVENT_EVENT,2025-11-11 11:57:51.776 -0800,556699
S_EURYDICE_LCL_CNTRCT_SCTR,2025-11-10 23:50:07.312 -0800,59
S_GERS_GER_SAL_NAT_MIXT_QUANTI_QUALI,2025-10-21 15:45:30.066 -0700,37337
S_GMDA_POPULATION,2025-11-11 12:12:10.471 -0800,395675
S_INTERNAL_POLAND_PCMDTY,2025-10-10 11:23:51.960 -0700,38
S_IQVIA_HDSC_MTHLY_BNDRYAK2_AC_TYPAK2_PCMDTY_SUM,2025-02-18 10:31:26.563 -0800,1299529
S_EXTA_IMCM_PH_JOURNEY_MASTER,2025-11-11 13:52:35.156 -0800,22573
S_GA_SESSIONS_CUSTOM_METRICS,2024-12-30 04:57:58.340 -0800,0
S_GA_SESSIONS_HITS_PRODUCT_CUSTOM_DIMENSIONS,2024-12-30 04:57:58.284 -0800,0
S_GA_SESSIONS_S_DS,2024-12-18 05:23:16.860 -0800,0
S_GERS_GER_SAL_NAT_DOMTOM_QUANTI_GENERIC_GRP,2025-10-22 16:31:31.603 -0700,1883
S_GERS_GER_SAL_NAT_DOMTOM_QUANTI_INDICATEUR_BIOSIMILAIRE_BIOREFERENT,2025-10-22 16:26:32.023 -0700,3
S_GERS_GER_SAL_NAT_DOMTOM_QUANTI_PRESN,2025-10-22 16:26:43.057 -0700,15802
S_GERS_GER_SAL_NAT_HOSPITAL_QUANTI_QUANTI_COMPLEMENT,2025-10-21 15:43:40.397 -0700,710702
S_GERS_GER_SAL_NAT_MIXT_QUANTI_ADMN_RTE,2025-10-21 15:46:06.412 -0700,65
S_GERS_GER_SAL_NAT_OFFICINE_QUANTI_GENERIC_GRP,2025-10-20 15:38:49.086 -0700,1883
S_GERS_GER_SAL_NAT_OFFICINE_QUANTI_QUANTI_COMPLEMENT,2025-10-20 15:37:43.956 -0700,1045497
S_GMDA_MONTHLY,2025-11-11 12:12:08.822 -0800,90428
S_IQVIA_HDSC_AC_CATG,2025-10-22 14:02:34.026 -0700,48
S_IQVIA_HDSC_CLINSTDY,2024-12-18 15:32:07.995 -0800,17
S_IQVIA_HDSC_MAT_RXER_PRODAK8_SOB_SUM,2024-12-18 04:54:16.093 -0800,0
S_IQVIA_HDSC_MTHLY_BNDRYAK2_OACAK3_PCMDTYAK20_MEASAK2_SUM,2024-12-18 04:53:08.784 -0800,65397
S_IQVIA_HDSC_MTHLY_BNDRYAK2_ORGAK2_PRODAK11_COMPTR_ACTL_VAL_IND_SUM,2025-11-10 14:03:21.134 -0800,47381
S_IQVIA_HDSC_MTHLY_BNDRYAK4_PCMDTYAK6_CHNLAK2_SUM,2025-11-05 11:40:35.970 -0800,88393
S_IQVIA_HDSC_MTHLY_BNDRYAK4_SW_MKTAK5_PRODAK5_SPCLAK3_SOBAK2_RX_FILL_TYP_PROD_MKT_SUM,2024-12-18 05:07:08.091 -0800,222264
S_IQVIA_HDSC_MTHLY_BNDRYAK7_ORGAK7_CHNL_SUM,2025-10-16 02:59:39.592 -0700,10280982
S_IQVIA_HDSC_MTHLY_BNDRYAK7_PCMDTYAK23_SUM,2024-12-18 04:27:06.702 -0800,325
S_IQVIA_HDSC_MTHLY_BNDRYAK7_PRODAK10_CHNL_SUM,2025-10-16 03:01:32.566 -0700,33408982
S_IQVIA_HDSC_MTHLY_BNDRYNM_PCMDTY_SUM,2024-12-18 04:27:08.899 -0800,0
S_IQVIA_HDSC_MTHLY_BNDRY_PCMDTY_CHNLAK2_SPCL_SUM,2025-01-22 20:46:12.151 -0800,19293574
S_IQVIA_HDSC_MTHLY_BNDRY_PCMDTY_CHNLAK2_SUM,2025-10-14 07:30:47.789 -0700,7286277
S_IQVIA_HDSC_MTHLY_MKTAK5_PRODAK5_SWF_PRODAK5_SWT_PRODAK5_SOBAK2_SUM,2025-05-26 10:28:42.331 -0700,31786
S_IQVIA_HDSC_MTHLY_ORGAK6_PCMDTY_CHNLAK2_SUM,2025-01-27 12:39:26.196 -0800,0
S_IQVIA_HDSC_MTHLY_ORGNM_PCMDTYAK15_CHNL_LLSPCLNM_HC_PLN_SUM,2025-09-30 04:33:04.502 -0700,815718199
S_IQVIA_HDSC_MTHLY_PCMDTY_SUM,2025-11-07 09:12:18.102 -0800,1356565
S_IQVIA_HDSC_MTHLY_PRODAK11_TRTMT_COND_CATG_SUM,2025-02-17 05:33:01.264 -0800,3200
S_IQVIA_HDSC_NETWORK_BNDRY_RLTN,2025-01-29 21:51:59.597 -0800,576893
S_IQVIA_HDSC_OAC_GRP,2025-11-06 12:17:04.685 -0800,38
S_IQVIA_HDSC_PROML_CHNL_TYP,2025-11-10 13:38:14.815 -0800,77
S_IQVIA_HDSC_PROML_DETLG_PROD_PRESNT_NBR_TYP,2025-11-10 13:37:39.982 -0800,77
S_IQVIA_HDSC_SFORCE_ASSC,2025-02-10 14:53:36.627 -0800,59
S_IQVIA_HDSC_TM_PD_BNDRYAK2_ORGAK2_PRODAK11_MKT_PERF_SEGTN_SUM,2025-11-03 18:06:01.611 -0800,1390067
S_MDM_MEDCNL_PROD_MRGE,2025-10-29 01:22:01.818 -0700,37105
S_MSS_TCM_PIC,2024-12-30 01:17:45.943 -0800,0
S_MSS_TDM_DR_TGT,2024-12-30 01:17:45.823 -0800,0
S_MSS_TDM_SAL_CALENDAR,2024-12-30 01:17:45.949 -0800,0
S_MSS_TVM_ACT_CLOSE,2024-12-30 01:17:45.839 -0800,0
S_NOZOMI_TTR0094NZM_MEETING_ATD,2024-12-18 04:49:16.171 -0800,0
S_PHARMALINK_PHARMALINK_INTRVN_SALE_BRICK,2024-12-18 04:57:08.846 -0800,36341
S_SAP_DEFRD_RVNU_CNTRCT_FULL_BILL_PLAN_AMSMABPD,2025-11-11 08:05:46.408 -0800,41255855
S_SAP_ELSA_MD_CU_CUST_PH_CDP,2025-11-11 15:12:16.840 -0800,332703705
S_SAP_ELSA_O2C_SD_DLVRY_H2R,2025-11-11 21:15:57.666 -0800,214581742
S_SAP_MISS_DEFRD_RVNU_CNTRCT_AMSMACONT,2025-11-11 08:10:15.899 -0800,372200094
S_SAP_TDM_USR_MDC_ACTIVITY_CODE,2024-12-18 04:26:05.792 -0800,0
S_SAP_TDM_USR_MDC_CTGRY_MAF,2024-12-18 04:26:05.789 -0800,0
S_SAP_TDM_USR_MDC_CWID_CC_MAP,2024-12-18 04:25:17.987 -0800,0
S_THIRD_PARTY_MKT_DATA_SCHWAB,2024-12-26 01:38:57.988 -0800,5875
S_VEV_ATTACHMENT,2025-11-11 17:15:27.638 -0800,273593
S_VEV_CALL2_DETAIL,2025-11-11 17:27:12.098 -0800,69794948
S_VEV_INVENTORY_ORDER_LINE,2024-12-18 04:57:09.039 -0800,0
S_VEV_METRIC_CONFIGURATION,2025-09-22 18:31:01.124 -0700,23001
S_VEV_MULTICHANNEL_ACTIVITY_LINE,2025-11-11 17:07:46.654 -0800,21629421
S_VEV_SUGGESTION,2025-11-11 17:37:25.400 -0800,167990007
S_VEV_USERTERRITORY,2025-11-11 17:10:55.001 -0800,15176
S_GA_SESSIONS_HITS_PRODUCTS,2024-12-30 04:57:58.322 -0800,0
S_GERS_GER_SAL_NAT_DOMTOM_QUANTI_GRP_DCI,2025-10-22 16:29:02.125 -0700,749
S_GERS_GER_SAL_NAT_DOMTOM_QUANTI_QUANTI,2025-10-22 16:30:34.394 -0700,4144410
S_GERS_GER_SAL_NAT_HOSPITAL_QUANTI_PROD,2025-10-21 15:44:19.546 -0700,7906
S_GERS_GER_SAL_NAT_OFFICINE_QUANTI_LIST,2025-10-20 15:42:25.758 -0700,5
S_GERS_GER_STATHOP_GENL,2024-12-24 15:49:07.963 -0800,1
S_IQVIA_HDSC_CLIENT_NETWORK_BNDRY_ASSC,2025-01-13 14:48:56.746 -0800,50032
S_IQVIA_HDSC_CMDTY_PROF_CLAS_TYP,2025-10-14 07:29:37.366 -0700,19
S_IQVIA_HDSC_DS_CLAS_ASSC,2025-11-11 21:49:57.750 -0800,511
S_IQVIA_HDSC_HALF_MTHLY_PCMDTY_PRC,2024-12-19 19:24:15.524 -0800,1306729
S_IQVIA_HDSC_MTHLY_AC_TYPAK2_CORP_OWN_ORGAK6_PRMTR_ORGAK6_PCMDTYAK29_SPCLAK2_PROM_DETL,2025-11-10 13:38:38.780 -0800,964178
S_IQVIA_HDSC_MTHLY_BNDRYAK4_PCMDTYAK23_CHNLAK2_SUM,2025-11-05 10:55:26.616 -0800,29319
S_IQVIA_HDSC_MTHLY_BNDRY_MKT_PGRP_SUM,2024-12-18 04:27:08.940 -0800,1060326
S_IQVIA_HDSC_MTHLY_ORG_PRODNM_CHNL_MT_PROM_SPEND_SUM,2024-12-18 04:27:06.728 -0800,0
S_IQVIA_HDSC_MTHLY_PCMDTY_SPCLAK2_GENDER_AGE_GRP_RX_CATG_SUM,2025-11-06 11:47:35.094 -0800,9406610
S_IQVIA_HDSC_MTHLY_SFORCEAK3_PCMDTY_CHNL_SUM,2025-10-16 03:05:32.143 -0700,24988433
S_IQVIA_HDSC_ORG,2025-11-11 21:50:18.036 -0800,305853
S_IQVIA_HDSC_PROC_FORM,2024-12-18 04:27:08.907 -0800,0
S_IQVIA_HDSC_PROD,2025-11-11 21:50:08.283 -0800,2300875
S_IQVIA_HDSC_PROM_CATG,2025-10-21 22:15:34.339 -0700,5
S_IQVIA_HDSC_SALES_REP_EMAIL_LINK_SNT_CATG,2025-11-10 13:34:19.919 -0800,17
S_IQVIA_HDSC_TM_PD,2025-11-11 21:52:52.408 -0800,70434
S_IQVIA_HDSC_TM_PD_AGE_GRPAK4_GENDERAK2_MVST_TYP_DIAG_TRTMT_SUM,2025-10-28 22:36:55.483 -0700,20813280
S_IQVIA_HDSC_TM_PD_PRODAK5_FRMLRY_REIMBMNT_CATG_SUM,2024-12-20 15:49:15.549 -0800,0
S_IQVIA_HDSC_TRANS_DCATG,2025-02-05 04:45:37.795 -0800,209
S_IQVIA_HDSC_WKLY_BNDRYAK2_PCMDTYAK4_SUM,2025-10-22 23:07:12.111 -0700,495404
S_IQVIA_HDSC_WKLY_MKT_SUM_CATG_SUM,2024-12-18 04:53:06.357 -0800,0
S_M3_TDM_EVM_WEBCONF_M3,2024-12-18 04:49:18.315 -0800,0
S_MDM_PROD_GRP_ADDL_ATT,2024-12-27 00:07:55.549 -0800,110
S_MSS_TCM_WS_PROD_STOR_LOC,2024-12-30 01:17:45.949 -0800,0
S_MSS_TDM_PROCESS_DT,2024-12-30 01:17:45.943 -0800,0
S_NHS_BNF_PROD_HIERY_ENG,2025-11-03 07:07:19.288 -0800,54581
S_PW_EVENT,2024-12-18 05:23:06.923 -0800,0
S_SAP_ELSA_FACT_META_KEYFIGURE_BASE_DEFINITION,2025-09-18 16:25:01.339 -0700,7147
S_SAP_ELSA_MD_DS_DT_TM_DIM,2025-11-11 15:09:02.320 -0800,13151
S_SAP_H2R_MD_COSTELEMENT_001_VIEW_001,2024-12-30 00:44:55.712 -0800,0
S_SAP_VAN_INV_OVRVW_GLBL,2025-11-11 08:07:39.271 -0800,611093
S_SECDY_SALE_RAD_DEVICE_KR,2024-12-18 05:08:17.035 -0800,0
S_SEVERAL_DATA_FEEDS_HEALTHCARE_AT_HOME,2024-12-30 10:46:05.564 -0800,23336
S_VAULT_IMCM_CFV_RELATIONSHIPS,2025-11-11 17:04:02.062 -0800,22420315
S_VAULT_IMCM_WORKFLOWS,2025-11-11 17:04:33.976 -0800,41670072
S_VEV_ACCOUNT_LIST_ITEM,2025-11-11 17:18:40.659 -0800,3155404
S_VEV_ACCOUNT_MERGE_HISTORY,2025-11-11 17:37:02.858 -0800,386346
S_VEV_ADDRESS,2025-11-11 17:17:45.800 -0800,45741359
S_VEV_CONTRACT,2025-11-11 17:07:16.378 -0800,9194
S_VEV_DYNAMIC_ATTRIBUTE_CONFIGURATION,2025-10-24 18:10:10.419 -0700,180
S_VEV_EM_EVENT,2025-11-11 17:09:43.186 -0800,1134633
S_VEV_EM_EXPENSE_ESTIMATE,2025-11-11 17:24:49.742 -0800,3873
S_VEV_GROUP_TABLE_QA,2024-12-18 05:08:17.257 -0800,0
S_VEV_MEDICAL_INSIGHT,2025-11-11 17:07:10.334 -0800,29692
S_VEV_REMOTE_MEETING_ATTENDEE,2025-11-11 17:24:11.954 -0800,851425
S_VEV_SWOT,2025-11-06 17:06:46.959 -0800,4623
S_VEV_TSF,2025-11-11 17:20:58.757 -0800,20659382
S_THIRD_PARTY_MKT_DATA_SCHWAB_ACCNT,2024-12-18 04:27:16.499 -0800,0
DATABASECHANGELOG,2025-11-03 07:02:22.179 -0800,9158
REF_COPA_SALES_MONTHLY,2024-12-18 05:08:18.438 -0800,0
S_ADHOC_SALUTATION_COCKPIT,2025-10-16 06:12:49.601 -0700,81
S_ALN_MC_CYCLE_PLAN,2025-11-11 17:39:44.195 -0800,445695
S_ALN_MC_CYCLE_PLAN_CHANNEL,2025-11-11 17:40:15.216 -0800,42090718
S_ALN_ROSTER_MEMBER_TERRITORY_HIST,2025-11-11 17:41:09.194 -0800,72326
S_ALN_TERRITORY_HIST,2024-12-20 22:23:05.528 -0800,4033807
S_EXTA_IMCM_PH_CONTACTS,2025-11-11 13:53:16.670 -0800,10043967
S_GA_SESSIONS_HITS_PRODUCT_CUSTOM_METRIC,2024-12-30 04:57:55.916 -0800,0
FIA_STD_LIVERAMP_TTD_CLICKS_CONVERSIONS_IMPRESSIONS_NPLD,2024-12-18 05:08:16.960 -0800,0
S_CVENT_BUDGETITEM_TAX_NUMBER,2025-11-11 11:58:15.849 -0800,746755
S_EURYDICE_LCL_CNTRCT_CLIENT_SCTR,2025-11-10 23:50:39.826 -0800,20068
S_EURYDICE_LCL_CNTRCT_FAMILLE,2025-03-26 03:50:57.057 -0700,91
S_EXTA_IMCM_PH_CLICKS,2025-11-11 13:52:38.662 -0800,776873
S_EXTA_IMCM_PH_JOURNEY_ACTIVITY_MASTER_WRONG_21JULY,2024-12-30 03:36:58.041 -0800,1673805
S_GERS_GER_SAL_NAT_DOMTOM_QUANTI_LBTY_HIST,2025-10-22 16:25:40.695 -0700,7008192
S_GERS_GER_SAL_NAT_DOMTOM_QUANTI_PAY,2025-10-22 16:29:58.077 -0700,10
S_GERS_GER_SAL_NAT_HOSPITAL_QUANTI_CLAS_EPHMRA,2025-10-21 15:46:06.371 -0700,16063
S_GERS_GER_SAL_NAT_HOSPITAL_QUANTI_LBTY,2025-10-21 15:45:57.260 -0700,286
S_GERS_GER_SAL_NAT_OFFICINE_QUANTI_INDICATEUR_BIOSIMILAIRE_BIOREFERENT,2025-10-20 15:36:43.851 -0700,3
S_IQVIA_HDSC_MTHLY_BNDRYAK4_ORGAK6_ATC_SUBSTNAK2_CHNLAK2_REIMBMNT_SUM,2024-12-19 10:39:47.984 -0800,0
S_IQVIA_HDSC_MTHLY_BNDRYCD_ATC_TRANS_DCATG_SSTDY_SUM,2025-01-29 21:52:20.450 -0800,44286
S_IQVIA_HDSC_PUR_CNTRCT_ITEM,2025-01-14 21:16:29.348 -0800,19147994
S_CVENT_BUDGETITEM_COSTDETAIL,2025-11-11 11:58:09.960 -0800,746755
S_CVENT_EVENT_CUSTOMFIELDDETAIL,2025-11-11 11:58:40.720 -0800,593859
S_GERS_GER_ORIGIN_ETS_XARELTO,2024-12-18 21:34:05.532 -0800,3079028
S_GERS_GER_SAL_NAT_DOMTOM_QUANTI_CLAS_EPHMRA,2025-10-22 16:30:33.643 -0700,15671
S_GERS_GER_SAL_NAT_OFFICINE_QUANTI_DRTY_GENERIC_HIST,2025-10-20 15:41:50.808 -0700,1467906
S_GERS_GER_SAL_NAT_OFFICINE_QUANTI_IND_GENERIC_OPRT,2025-10-20 15:38:35.990 -0700,3
S_GERS_GER_SAL_SIG_UGA_OFF_MKT_COMPOSN,2025-10-20 15:39:02.798 -0700,3889
S_GMDA_QUARTERLY,2025-11-11 12:13:55.681 -0800,32478960
S_IQVIA_HDSC_CNCMTNC_PROD,2024-12-26 06:57:47.967 -0800,26081904
S_IQVIA_HDSC_MTHLY_AC_CATG_PCMDTY_CHNL_SUM,2025-01-14 09:02:55.440 -0800,762577
S_IQVIA_HDSC_MTHLY_AC_TYP_ENGMNT_ORG_PRODNM_SPCL_PROM_DETL_SUM,2024-12-18 04:27:08.949 -0800,0
S_IQVIA_HDSC_MTHLY_BNDRYAK2_PCMDTY_SUM,2025-02-18 04:50:44.659 -0800,1214618
S_IQVIA_HDSC_MTHLY_BNDRYAK4_PCMDTYAK27_CHNLAK2_PROM_CATG_SUM,2025-10-21 22:18:36.423 -0700,7445220
S_IQVIA_HDSC_MTHLY_BNDRYAK4_PRODAK5_SPCLAK6_SOBAK2_GENDERAK2_AGE_DOSE_SUM,2024-12-18 04:27:16.444 -0800,0
S_IQVIA_HDSC_MTHLY_BNDRYAK4_SFORCEAK2_PCMDTY_SUM,2024-12-18 04:54:16.190 -0800,0
S_IQVIA_HDSC_MTHLY_BNDRYNML_ACTYPNML_ORGNM_PCMDTY_CHNLNM_SUM,2025-11-04 21:12:49.081 -0800,9659405
S_IQVIA_HDSC_MTHLY_BNDRY_PCMDTYAK23_SPCL_SUM,2024-12-18 04:27:09.412 -0800,508
S_IQVIA_HDSC_MTHLY_BNDRY_PCMDTY_SPCLAK3_GENDERAK2_AGE_SUM,2024-12-18 04:27:08.961 -0800,0
S_IQVIA_HDSC_MTHLY_CORP_OWNAK6_PRMTRAK6_MKTAK5_PRODAK5_ATC_CHNLAK2_SPCLAK2_MED_CLASAK2_PROM_DETL,2025-10-20 14:19:34.646 -0700,845529
S_IQVIA_HDSC_MTHLY_FR_BNDRY_TO_BNDRY_REAL,2024-12-18 04:54:18.404 -0800,0
S_IQVIA_HDSC_MTHLY_PCMDTY_CHNLAK2_SUM,2025-01-24 12:38:01.389 -0800,2687158
S_IQVIA_HDSC_MTHLY_SFORCEAK3_ORGAK7_CHNL_SUM,2025-10-16 03:03:01.753 -0700,5604551
S_IQVIA_HDSC_OAC_CLIENT_BNDRY_ASSC,2025-11-06 12:18:15.212 -0800,413798
S_IQVIA_HDSC_PO,2025-01-14 21:22:26.795 -0800,12291637
S_IQVIA_HDSC_PROD_SPCL_CLIENT_DDDOSE_RNG,2025-01-29 23:24:52.683 -0800,1008
S_IQVIA_HDSC_PROML_MT_TYP,2025-11-10 13:37:47.235 -0800,489
S_IQVIA_HDSC_QTRLY_AC_TYP_MKTAK19_PCMDTYAK24_SUM,2024-12-18 04:54:16.141 -0800,0
S_IQVIA_HDSC_QTRLY_RGMN_SUBSTN_LTHAK2_DIAG_COND_SUM,2025-10-23 06:53:04.565 -0700,4228
S_IQVIA_HDSC_SUBSTN_STRC,2025-01-03 21:33:48.016 -0800,79884
S_IQVIA_HDSC_TM_PD_PCMDTYAK23_SPCLAK2_GENDER_AGE_GRP_RX_ORIGNTN_CATG_SUM,2025-11-11 21:18:38.295 -0800,4352433
S_IQVIA_HDSC_TM_PD_PRODAK11_SOB_SUM,2025-10-28 19:44:34.438 -0700,5212366
S_IQVIA_HDSC_TM_PD_PRODAK5_FRMLRY_REIMBMNT_CATG_GENDER_AGE_SUM,2024-12-20 15:23:07.997 -0800,0
S_M3_TDM_DGM_DR_NEW,2024-12-18 04:27:07.236 -0800,0
S_M3_TDM_DGM_MSG_YESTERDAY,2024-12-18 04:27:07.280 -0800,0
S_MSS_TCM_ITEM,2024-12-30 01:17:48.054 -0800,0
S_NHS_CLNCL_CMIS_GRP_WLS,2024-12-18 04:53:09.262 -0800,727
S_NHS_SCMD,2025-11-03 07:08:47.029 -0800,25242556
S_PW_TRAINING,2024-12-18 05:23:09.324 -0800,0
S_REF_SCANNER_COUNT_JP,2024-12-19 10:04:57.981 -0800,0
S_SAP_ELSA_MD_DS_SLS_ORG_H2R,2025-10-23 16:10:05.830 -0700,22693
S_SAP_FSR_OVRVW_WITH_RVNU_AMSMASNOE,2025-11-11 08:09:00.056 -0800,16682137
S_SECDY_SALE_RAD_TH,2025-02-24 09:09:32.623 -0800,0
S_SFMC_CAM_TARGETDATAOUTPUT,2024-12-19 05:18:55.533 -0800,4960554
S_THIRD_PARTY_HIRA_REIMBMNT_DATA_PCMDTY,2024-12-18 05:02:15.582 -0800,0
S_VEV_EM_BUDGET,2025-11-11 17:13:43.190 -0800,46854
S_VEV_MC_CYCLE_CHANNEL,2025-11-11 17:18:24.659 -0800,8874
S_VEV_MC_CYCLE_PLAN_TARGET,2025-11-11 17:29:19.231 -0800,21025537
S_VEV_PERMISSION_SET,2025-11-10 17:10:35.112 -0800,18753
S_VEV_TIME_OFF_TERRITORY,2025-11-11 17:06:02.281 -0800,17113360
S_ALN_TERRITORY_MODEL,2025-11-11 17:40:00.048 -0800,2297290
S_GMDA_GLOCON,2025-11-11 12:12:03.943 -0800,108547
S_INTERNAL_SPAIN_BNDRY,2024-12-18 05:23:18.413 -0800,6152
S_IQVIA_HDSC_AC_SALE_ALLOC_ERR,2024-12-18 04:27:08.982 -0800,0
S_IQVIA_HDSC_MEAS,2025-10-16 06:43:04.709 -0700,17
S_IQVIA_HDSC_MTHLY_AC_TYPAK2_PCMDTYAK20_SPCLAK2_GENDERAK2_AGE_SUM,2024-12-18 05:15:05.872 -0800,2098488
S_IQVIA_HDSC_MTHLY_FR_AC_TO_AC_REAL,2024-12-18 04:27:08.903 -0800,0
S_IQVIA_HDSC_MTHLY_PRODAK11_SOBAK2_TRTMT_COND_CATG_SUM,2025-02-19 05:22:20.602 -0800,10931
S_IQVIA_HDSC_MTHLY_PRODAK11_SW_RSLT_PRODAK11_SOBAK2_TRTMT_COND_CATG_SUM,2025-02-19 05:20:07.426 -0800,13844
S_IQVIA_HDSC_ORG_ROLE,2025-11-11 16:55:53.253 -0800,42490
S_IQVIA_HDSC_PROD_INGRD,2025-11-11 05:15:44.806 -0800,178971
S_IQVIA_HDSC_PROML_DETLG_SMPL_USE_CATG,2025-11-10 13:34:46.153 -0800,8
S_IQVIA_HDSC_QTRLY_PRODAK9_DIAG_MEDPRO_GENDER_MEAS_SUM,2025-10-27 11:22:23.501 -0700,8362516
S_IQVIA_HDSC_ROA,2025-01-03 21:33:45.617 -0800,56
S_IQVIA_HDSC_TM_PD_BNDRY_NM_PCMDTY_CLAIM_SUM,2024-12-18 04:27:09.603 -0800,0
S_IQVIA_HDSC_TM_PD_PCMDTY_CHNLAK2_SUM,2025-01-21 08:39:07.815 -0800,1368052
S_IQVIA_HDSC_TRTMT_OUTCM_COND_CATG,2024-12-30 10:24:48.030 -0800,5
S_M3_EDETAILING_M3_OPD,2024-12-30 13:19:45.556 -0800,0
S_M3_TDM_DGM_MYMR_MSG,2024-12-18 04:27:09.449 -0800,0
S_MSS_TCM_SECT_NM,2024-12-30 01:18:55.537 -0800,0
S_NHS_PAT_BND_ENG,2025-10-20 03:50:53.626 -0700,113958
S_OPEN_SOURCE_REIMBMNT_AND_RX_DATA,2024-12-18 05:23:16.985 -0800,327
S_PHARMALINK_BNDRY,2024-12-18 04:57:06.763 -0800,1266
S_PRECISIONAI_CAMPAIGN_TARGET,2025-11-11 20:13:53.217 -0800,6041
S_SAP_CNTRCT_OVRVW_AMSMABPD,2025-11-11 08:09:10.798 -0800,32310795
S_SAP_ELSA_MD_MA_CENTRL_UOM_MAT_H2R,2025-11-10 17:52:43.537 -0800,3827987925
S_SAP_H2R_COOM_PH_JAPAN_CDP_VIEW_001,2024-12-18 04:40:16.048 -0800,0
S_SAP_H2R_MD_COSTCENTER_001_VIEW_001,2024-12-30 00:44:55.712 -0800,0
S_THIRD_PARTY_BRICK_COUNTRY_DATA_BNDRY,2025-11-11 08:35:52.279 -0800,574
S_TM_PD,2024-12-30 00:18:06.295 -0800,0
S_VAULT_IMCM_CORE_MESSAGE1,2025-11-11 17:03:07.277 -0800,4673
S_VEV_CALL2_KEY_MESSAGE,2025-11-11 17:37:45.010 -0800,86939100
S_VEV_CHILD_ACCOUNT,2025-11-11 17:09:26.655 -0800,28994389
S_VEV_EMAIL_ACTIVITY,2025-11-11 17:21:13.531 -0800,35281967
S_VEV_HCO,2025-11-11 01:48:00.847 -0800,8321150
S_VEV_LOGINHISTORY,2025-11-11 17:23:40.943 -0800,61005999
S_VEV_MC_CYCLE_PLAN_CHANNEL,2025-11-11 17:29:45.577 -0800,35161575
S_VEV_MC_CYCLE_PLAN_PRODUCT,2025-11-11 17:20:29.591 -0800,40958329
S_VEV_MEDICAL_EVENT,2025-11-11 17:10:12.543 -0800,591134
S_VEV_PRODUCT,2025-11-11 17:25:23.037 -0800,112313
S_VEV_PRODUCT_METRICS,2025-11-11 17:23:56.293 -0800,9891267
S_VEV_PW_W9_INFORMATION,2024-12-30 13:19:45.559 -0800,0
S_VEV_SYNC_TRACKING,2025-11-11 17:25:39.044 -0800,8427248
S_VEV_TASK,2025-11-11 17:05:16.694 -0800,28767
S_VEV_TERRITORY,2025-11-11 17:35:49.216 -0800,19940
S_IQVIA_HDSC_PCMDTY_DETL_RX_CATG,2025-10-14 07:30:20.223 -0700,88
S_IQVIA_HDSC_PUR_REQ_RSPNS,2025-01-14 21:16:29.340 -0800,33654567
S_SAP_DEFRD_RVNU_CNTRCT_AMSMABPD,2025-11-11 08:09:53.397 -0800,188367737
S_SAP_ELSA_MD_FACT_PRFT_CENTR_GLBL_H2R,2025-10-30 16:09:18.924 -0700,15358
S_SAP_FSR_DETL_AMSMASNOE,2024-12-18 04:53:08.946 -0800,0
S_VAULT_IMCM_COUNTRY,2025-11-11 17:02:18.204 -0800,524
S_VEV_CAMPAIGN_JOB_HISTORY,2025-11-11 17:37:19.056 -0800,7308
S_VEV_GOAL,2025-11-06 17:32:15.304 -0800,3120
FIA_STD_LIVERAMP_TTD_VIDEO_EVENTS_NPLD,2024-12-18 05:08:18.219 -0800,0
FIA_STD_PH_MKTG_PLD_DIGITAL_WEB,2024-12-18 04:49:18.413 -0800,0
S_AKT_FACTOR_DATA_TABLE,2024-12-18 05:23:17.047 -0800,4284059
S_ALN_FIELD_FORCE,2025-10-21 18:39:20.167 -0700,2675
S_CVENT_CONTACT,2025-11-11 11:57:55.662 -0800,1349670
S_GERS_GER_ORIGINS,2025-11-07 13:34:12.555 -0800,1739123
FIA_STD_PH_MKTG_MEDIA,2024-12-30 02:07:15.558 -0800,0
S_ALN_FOOTPRINT_GEOGRAPHY,2025-09-15 18:58:35.753 -0700,444708
S_BPN_TVM_DMP_MAIL_MAGAZINE_SEND_TO,2024-12-18 04:27:07.241 -0800,0
S_CDIS_ACC_CON,2025-11-11 13:40:30.419 -0800,53695705
S_CVENT_BUDGETITEM_DELETED,2025-11-10 11:49:06.940 -0800,24244
S_CVENT_EVENT_DETAIL,2025-11-11 11:57:46.741 -0800,473145
S_EURYDICE_LCL_CNTRCT_MARCHE,2025-11-10 23:50:37.754 -0800,14
S_EXTA_IMCM_PH_OPENS,2025-11-11 13:53:14.278 -0800,6266561
S_FARMINFORM_ZINDEX_PCMDTY,2024-12-22 08:03:55.523 -0800,194537
S_GA_SESSIONS_HITS_CUSTOM_DIMENSIONS,2024-12-30 04:57:56.003 -0800,0
S_GA_SESSIONS_VISITS,2024-12-18 04:26:08.298 -0800,9514726
S_GERS_GER_ORIGIN_ACORAMIDIS,2025-11-03 07:48:27.017 -0800,34866
S_GERS_GER_SAL_NAT_DOMTOM_QUANTI_LBTY,2025-10-22 16:27:58.038 -0700,259
S_GERS_GER_SAL_NAT_HOSPITAL_QUANTI_ADMN_RTE,2025-10-21 15:44:21.382 -0700,65
S_GERS_GER_SAL_NAT_OFFICINE_QUANTI_LBTY,2025-10-20 15:36:29.291 -0700,304
S_GERS_GER_SAL_NAT_OFFICINE_QUANTI_QUALI_COMPLEMENT,2025-10-20 15:41:02.438 -0700,21274
S_IB_DATA_JP,2024-12-18 05:36:09.017 -0800,0
S_INTERNAL_SPAIN_BNDRY_ASSC,2024-12-18 05:08:17.175 -0800,15996
S_IQVIA_CHANNEL_DYNAMICS_ANTI_VEGF_MKT_BAYER_VITAL_OPTHA,2025-05-19 04:39:49.638 -0700,2480
S_IQVIA_HDSC_AC_SALE_ALLOC,2024-12-18 04:27:08.959 -0800,0
S_IQVIA_HDSC_DATA_MSK,2024-12-18 04:27:06.783 -0800,0
S_IQVIA_HDSC_HC_PLN,2025-10-10 11:15:41.010 -0700,671
S_IQVIA_HDSC_MEDPRO,2024-12-26 07:02:05.541 -0800,4288
S_IQVIA_HDSC_MTHLY_AC_PROD_CHNL_SUM,2024-12-18 04:27:06.778 -0800,0
S_IQVIA_HDSC_MTHLY_BNDRYAK2_OACAK3_PRODAK11_SUM,2025-11-10 14:04:16.750 -0800,72304
S_EURYDICE_LCL_CNTRCT_CLIENT_GRP,2025-11-10 23:50:07.888 -0800,10653
S_EXTA_EWIZARD_KEYMSGTRACKING,2025-07-23 14:46:53.835 -0700,1813
S_GERS_GER_DOT,2024-12-30 04:59:56.135 -0800,164775
S_GERS_GER_ORIGIN_ETS_ONCO,2025-10-23 14:35:15.052 -0700,334973
S_GERS_GER_SAL_NAT_DOMTOM_QUANTI_PROD,2025-10-22 16:25:03.633 -0700,6408
S_GERS_GER_SAL_NAT_MIXT_QUANTI_COMPOSN_DCI,2025-10-21 15:43:00.126 -0700,49448
S_GERS_GER_SAL_NAT_MIXT_QUANTI_INDICATEUR_BIOSIMILAIRE_BIOREFERENT,2025-10-21 15:47:51.826 -0700,3
S_GERS_GER_SAL_NAT_MIXT_QUANTI_QUANTI,2025-10-21 15:45:41.451 -0700,1756199
S_GERS_GER_SAL_NAT_OFFICINE_QUANTI_GROUPE_BIOSIMILAIRE,2025-10-20 15:39:23.790 -0700,24
S_GERS_GER_STATHOP_STDY_RSLT,2024-12-23 15:59:17.956 -0800,3966201
S_GERS_GER_TM_PD,2024-12-18 05:23:09.368 -0800,11323
S_IQVIA_HDSC_AC_CHG,2024-12-18 04:27:08.998 -0800,0
S_IQVIA_HDSC_AGE_GRP,2025-11-11 21:52:01.014 -0800,126
S_IQVIA_HDSC_CMDTY_LCYC_TYP,2025-11-03 05:52:23.492 -0800,17
S_IQVIA_HDSC_CNCMTNC_ATC,2024-12-26 07:02:55.554 -0800,15138601
S_IQVIA_HDSC_DAILY_BNDRYAK7_PRODAK10_SUM,2025-01-27 12:39:09.188 -0800,0
S_IQVIA_HDSC_DS_ASSC,2025-02-18 07:15:57.604 -0800,0
S_IQVIA_HDSC_LOC,2025-11-06 12:16:16.782 -0800,4589557
S_IQVIA_HDSC_MTHLY_AC_BNDRYAK4_PRODAK5_SPCLAK6_SOBAK2_DOSE_SUM,2024-12-18 04:27:16.462 -0800,0
S_IQVIA_HDSC_MTHLY_AC_TYP_ATC_SUM,2024-12-18 04:27:08.949 -0800,0
S_IQVIA_HDSC_MTHLY_AC_TYP_CORP_OWNNM_PRMTRNM_PCMDTYAK13_CHNL_SPCL_PROM_DETL,2025-10-17 18:24:12.994 -0700,853467
S_IQVIA_HDSC_MTHLY_BNDRYAK4_PRODAK5_ATC_SUBSTNAK2_REIMBMNT_SUM,2025-11-05 22:08:04.869 -0800,72300
S_IQVIA_HDSC_MTHLY_BNDRYAK5_AC_TYPAK2_PCMDTY_SUM,2025-11-11 16:57:51.495 -0800,1172594
S_IQVIA_HDSC_MTHLY_BNDRYAK5_PRODAK5_SW_PRODAK5_SOBAK2_TRTMT_OUTCM_COND_CATG_SPCLAK4_TRANS_DCATGAK2_SUM,2024-12-30 10:24:45.544 -0800,883415
S_IQVIA_HDSC_MTHLY_BNDRYNML_PCMDTY_CHNLNM_SUM,2025-02-13 10:00:11.726 -0800,12253
S_IQVIA_HDSC_MTHLY_BNDRYNM_SWF_PRODNM_SWT_PRODNM_SUM,2024-12-18 04:50:18.677 -0800,51991
S_IQVIA_HDSC_MTHLY_BNDRY_PCMDTY_CHNL_SUM,2025-10-29 06:42:20.781 -0700,4398583
S_IQVIA_HDSC_MTHLY_PCMDTYAK18_CHNLAK2_SPCLAK2_SUM,2025-10-15 06:19:11.499 -0700,369438
S_IQVIA_HDSC_MTHLY_PCMDTYAK27_CHNLAK2_SUM,2025-10-15 22:52:46.376 -0700,1301688
S_IQVIA_HDSC_PCMDTY_INGRD,2025-11-11 21:51:51.922 -0800,3737424
S_IQVIA_HDSC_PROD_ASSC,2025-11-11 21:44:47.882 -0800,1179355
S_IQVIA_HDSC_PROD_ATC,2025-11-11 05:12:03.979 -0800,81121
S_IQVIA_HDSC_PROD_LCL_CLAS,2024-12-18 04:27:08.982 -0800,0
S_IQVIA_HDSC_PROML_ENGMNT_TYP,2025-11-10 13:35:14.511 -0800,86
S_IQVIA_HDSC_QTRLY_PCMDTYAK4_SPCLAK3_SUM,2024-12-30 01:49:05.596 -0800,235928
S_IQVIA_HDSC_RX_FILL_TYP,2024-12-26 06:53:58.030 -0800,6
S_IQVIA_HDSC_RX_ORIGNTN_CATG,2025-11-11 21:15:09.150 -0800,139
S_IQVIA_HDSC_TM_PD_ATC_SUM,2024-12-18 05:03:06.201 -0800,1505
S_IQVIA_HDSC_TM_PD_BNDRYAK2_PRODAK5_RGMN_SUM,2024-12-20 15:47:08.100 -0800,0
S_MEDPEER_TTMS_EVM_WEBCONF_MEDPEER,2024-12-18 04:57:08.977 -0800,0
S_NHS_BNF_PROD_HIERY_WLS,2025-11-04 04:39:59.790 -0800,6127
S_NHS_BNF_PROD_HIERY_WLS_SC,2025-11-04 04:09:54.729 -0800,6706
S_NHS_FACT_NHS_RX_SC,2025-11-04 04:09:22.566 -0800,1746331
S_SAP_FLD_SRVC_PRODCTVTY_AMSMACOST,2025-11-11 08:05:12.213 -0800,1264801
S_THIRD_PARTY_HIRA_ATC_MKT_DATA,2024-12-18 05:23:18.488 -0800,0
S_THIRD_PARTY_HIRA_REIMBMNT_DATA_BNDRY_ASSC,2024-12-18 05:02:15.583 -0800,0
S_ULTMARC_TDM_OFFICE,2024-12-30 01:17:48.105 -0800,0
S_VAULT_REGION,2024-12-18 04:49:16.180 -0800,7
S_VEV_ACCOUNT_RELATIONSHIP,2025-09-02 18:14:45.280 -0700,1126
S_VEV_EM_SPEAKER,2025-11-11 17:19:15.612 -0800,59245
S_VEV_MULTICHANNEL_ACTIVITY,2025-11-11 17:30:11.581 -0800,149602986
S_VEV_SAMPLE_LIMIT,2025-11-11 17:33:55.559 -0800,1728539
S_VEV_SUGGESTION_FEEDBACK,2025-11-11 17:15:27.406 -0800,3758840
S_GERS_GER_ORIGIN_RAD,2024-12-18 05:07:08.118 -0800,2431466
S_GERS_GER_SAL_NAT_DOMTOM_QUANTI_IND_GENERIC_REFERENT,2025-10-22 16:28:50.364 -0700,3
S_IQVIA_HDSC_HERBL_PROD_CATG,2025-11-10 13:36:02.564 -0800,12
S_IQVIA_HDSC_MTHLY_AC_TYP_ORGNML_SUM,2024-12-18 04:27:08.966 -0800,0
S_IQVIA_HDSC_MTHLY_BNDRYAK4_PRODAK5_SPCLAK6_GENDERAK2_AGE_DOT_SUM,2024-12-18 04:27:18.260 -0800,0
S_IQVIA_HDSC_MTHLY_BNDRYNML_ORGNM_PCMDTY_CHNLNM_SUM,2025-10-27 14:14:40.510 -0700,4432193
S_IQVIA_HDSC_MTHLY_LCL_CLAS_SUM,2024-12-18 04:27:06.706 -0800,0
S_IQVIA_HDSC_MTHLY_PROVDNG_OAC_RECV_OAC_PROD_PCMDTY_GRP_SUM,2025-10-15 15:33:46.425 -0700,7661790
S_IQVIA_HDSC_MTHLY_SFORCEAK3_PRODAK10_CHNL_SUM,2025-10-16 02:58:21.222 -0700,18081937
S_IQVIA_HDSC_OTC_PROD_CATG,2025-11-10 13:34:53.441 -0800,12
S_IQVIA_HDSC_PO_ITEM,2025-01-14 21:19:29.283 -0800,66136509
S_IQVIA_HDSC_PROML_CNTNT_QLTY_RTNG,2025-11-10 13:34:13.403 -0800,60
S_IQVIA_HDSC_PROML_PROD_SMPL_METH_TYP,2025-11-03 05:42:16.323 -0800,9
S_IQVIA_HDSC_PUR_REQ_RSPNS_ITEM,2025-01-14 21:21:26.820 -0800,120368013
S_IQVIA_HDSC_QTRLY_PRODAK11_MED_CLAS_SOBAK3_SPCLAK3_MEDPRO_RX_TYP_SUM,2025-07-30 13:42:56.964 -0700,51278
S_IQVIA_HDSC_TM_PD_MVST_TYP_DIAG_TRTMT_SUM,2025-10-28 21:45:15.526 -0700,1981903
S_IQVIA_HDSC_TM_PD_PCMDTY_SUM,2024-12-18 05:03:06.201 -0800,43380
S_IQVIA_HDSC_TM_PD_PRODAK11_SWT_PRODAK11_SOB_SUM,2025-10-28 19:03:45.078 -0700,2674
S_IQVIA_HDSC_TM_PD_PRODAK5_DOT_SUM,2024-12-20 15:19:08.031 -0800,0
S_IQVIA_HDSC_TM_PD_PRODAK5_GENDER_AGE_SUM,2024-12-20 15:47:06.003 -0800,0
S_IQVIA_HDSC_WKLY_PROD_SUM,2024-12-18 04:53:06.284 -0800,0
S_MDM_PROD_GRP_MRGE,2025-11-05 16:26:30.510 -0800,177266
S_MSS_TCM_SECT_NM_JIS11,2024-12-18 05:00:08.369 -0800,0
S_MSS_TCT_PIC_SS_PLAN,2024-12-30 01:17:48.154 -0800,0
S_MSS_TDM_USR_WS_ORG_DISP_ORDER,2024-12-30 01:17:45.959 -0800,0
S_MSS_TKM_GEN_PURP_CD,2024-12-18 04:53:06.339 -0800,0
S_PW_EVENTFINANCIAL,2024-12-18 05:21:16.196 -0800,0
S_SAP_ELSA_MD_CU_CUST_SLS_H2R,2025-11-10 17:23:13.737 -0800,939966442
S_SAP_FSR_DETL_AMSMABPD,2025-11-11 08:05:30.131 -0800,11325981
S_SAP_FSR_OVRVW_WITH_RVNU_AMSMACOST,2025-11-11 08:06:03.577 -0800,1989133
S_SAP_ISTL_BASE_DAMSMEQUI,2025-11-11 08:07:32.006 -0800,747411
S_SAP_MOBL_USER_ASGNT_AMSMATER1,2025-11-11 08:05:04.782 -0800,229185
S_SAP_TDM_USR_MDC_INTERNAL_ORDER,2024-12-18 04:25:15.717 -0800,0
S_SAP_TDM_USR_MDC_SALES_COST_ELEMENT,2024-12-18 04:26:05.779 -0800,0
S_SAP_TDT_USR_MDC_BUDGET,2024-12-18 04:26:05.786 -0800,0
S_THIRD_PARTY_HIRA_REIMBMNT_DATA_BNDRY,2024-12-18 05:02:18.011 -0800,0
S_ULTMARC_TDM_DCF_DOC_UNI,2024-12-30 01:17:48.055 -0800,0
S_VEEVA_TMMS_CRM_TRRTRY_REP,2024-12-30 01:11:15.593 -0800,0
S_VEV_CONSENT_HEADER,2025-11-11 17:07:24.363 -0800,980
S_VEV_DATA_CHANGE_REQUEST_LINE,2025-11-11 17:36:41.634 -0800,170201467
S_VEV_EM_CATALOG,2025-11-11 17:26:59.706 -0800,390
S_VEV_EM_EXPENSE_ESTIMATE_DUMMY_29_NOV,2024-12-18 04:53:08.855 -0800,0
S_VEV_EXPENSE_HEADER,2025-11-11 17:17:43.772 -0800,428967
S_VEV_EXPENSE_LINE,2025-11-11 17:32:58.396 -0800,569973
S_VEV_GROUP_TABLE,2025-11-11 17:10:06.824 -0800,70006
S_VEV_MEDICAL_DISCUSSION,2025-11-11 17:34:19.476 -0800,189549
S_VEV_PERMISSION_SET_ASSIGNMENT,2025-11-11 17:16:40.138 -0800,13940965
S_VEV_USER,2025-11-11 17:29:31.712 -0800,115541
S_IQVIA_HDSC_MTHLY_PRODAK11_SW_RSLT_PRODAK11_SOBAK2_TRTMT_COND_CATG_LTH_SEQ_SUM,2025-02-17 05:32:22.858 -0800,19788
S_IQVIA_HDSC_WKLY_BNDRYNM_AC_TYPNM_FCN_SPECLSM_TYPNM_PROD_PCMDTY_GRP_SUM,2024-12-18 04:27:09.604 -0800,0
S_SAP_TDM_USR_MDC_COST_CENTER,2024-12-18 04:26:08.185 -0800,0
S_THIRD_PARTY_HIRA_REIMBMNT_DATA_CHNL,2024-12-18 05:02:15.589 -0800,0
S_ULTMARC_TDM_DCF_INST_UNI,2024-12-30 01:17:45.816 -0800,0
S_VEV_AFFILIATION,2025-10-27 18:45:07.959 -0700,45086
FIA_PW_ATTENDEE,2024-12-30 02:07:15.560 -0800,0
FIA_PW_CONTRACT,2024-12-30 02:07:08.055 -0800,0
FIA_STD_LIVERAMP_SFMC_NPLD,2024-12-30 01:17:48.155 -0800,0
S_ALN_ACCOUNT_TERRITORY_MODEL,2025-11-11 17:46:44.308 -0800,266696273
S_ALN_MC_CYCLE_PRODUCT,2025-11-06 17:38:35.768 -0800,22432
S_EURYDICE_LCL_CNTRCT_CONTACT,2025-11-10 23:50:07.676 -0800,5282
S_FARMINFORM_FRAME_ASSC,2024-12-18 04:27:08.871 -0800,21
S_GA_SESSIONS_PROMOTION,2024-12-30 04:57:55.926 -0800,0
S_GERS_GER_NBRX_INDC_TOT_FRREG,2024-12-30 04:59:58.210 -0800,113534
S_IQVIA_HDSC_AC,2025-11-10 13:59:53.582 -0800,629172
S_ALN_COUNTRY,2025-11-04 17:40:14.643 -0800,1056
S_ALN_FIELD_FORCE_HIST,2024-12-20 22:15:05.558 -0800,2520
S_CARENET_TDM_EVM_WEBCONF_CNET,2024-12-18 04:27:09.448 -0800,0
S_CVENT_BUDGETITEM,2025-11-11 11:57:45.943 -0800,229066
S_CVENT_INVITEE,2025-11-11 11:57:53.393 -0800,1029155
S_CVENT_MEETING_REQUEST_CUSTOM_FIELD_DETAIL,2025-11-11 11:58:48.894 -0800,301853
S_EURYDICE_LCL_CNTRCT_BAREME,2025-11-10 23:50:34.360 -0800,310
S_EURYDICE_LCL_CNTRCT_OFR,2025-11-10 23:50:50.477 -0800,2865
S_FARMINFORM_SUBNATL_SALES,2024-12-21 08:25:35.539 -0800,2036499111
S_GERS_GER_SAL_NAT_DOMTOM_QUANTI_PHMCL_FORM,2025-10-22 16:31:16.476 -0700,273
S_GERS_GER_SAL_NAT_HOSPITAL_QUANTI_CLAS_ATC,2025-10-21 15:44:22.068 -0700,16014
S_GERS_GER_SAL_NAT_MIXT_QUANTI_PAY,2025-10-21 15:46:52.945 -0700,1
S_GMDA_CHANNEL_DYNAMICS,2025-11-11 12:12:16.591 -0800,1938820
S_INTERNAL_AU_SECDY_SALE_AU,2024-12-18 05:36:06.955 -0800,0
S_INTERNAL_GB_SECDY_SALE_GB,2024-12-20 14:37:08.058 -0800,2
S_INTERNAL_KR_SECDY_SALE_KR,2024-12-18 04:40:18.215 -0800,0
S_IQVIA_HDSC_HC_PLN_MODEL_TYP,2025-10-29 01:35:30.201 -0700,11
S_IQVIA_HDSC_HOMEOPC_PROD_CATG,2025-11-10 13:35:07.897 -0800,12
S_IQVIA_HDSC_MTHLY_BNDRYAK2_ORGAK2_PCMDTYAK20_MEASAK2_COMPTR_ACTL_VAL_IND_SEGTN_SUM,2024-12-18 04:26:05.823 -0800,53684
S_IQVIA_HDSC_MTHLY_BNDRYAK7_PCMDTY_GENDERAK2_AGE_SUM,2024-12-21 15:32:57.980 -0800,3519630
S_BPN_TVM_DMP_MAIL_MAGAZINE,2024-12-18 04:27:09.469 -0800,0
S_CDIS_EXTERNAL_KEY,2025-11-11 13:41:03.185 -0800,149966046
S_CVENT_BUDGETITEM_AGENCY_FEE_TAX,2025-11-11 11:58:16.574 -0800,746755
S_EURYDICE_LCL_CNTRCT_PROD,2025-11-10 23:50:53.859 -0800,458
S_EXTA_IMCM_PH_BOUNCES,2025-11-11 13:52:37.194 -0800,233005
S_GERS_GER_SAL_NAT_HOSPITAL_QUANTI_COMPOSN_DCI,2025-10-21 15:47:40.723 -0700,21821
S_GERS_GER_SAL_NAT_MIXT_QUANTI_CLAS_EPHMRA,2025-10-21 15:43:02.375 -0700,37337
S_GERS_GER_SAL_NAT_MIXT_QUANTI_QUALI_COMPLEMENT,2025-10-21 15:44:19.304 -0700,37337
S_GERS_GER_SAL_NAT_OFFICINE_QUANTI_CLAS_ATC,2025-10-20 15:37:17.528 -0700,21201
S_GERS_GER_SAL_NAT_OFFICINE_QUANTI_GRP_LBTY,2025-10-20 15:37:05.132 -0700,296
S_GERS_GER_SAL_NAT_OFFICINE_QUANTI_PROD,2025-10-20 15:38:04.366 -0700,8449
S_GERS_GER_SAL_NAT_OFFICINE_QUANTI_REFUND_STAT,2025-10-20 15:42:17.125 -0700,2
S_IQVIA_HDSC_BNDRY,2025-11-11 21:49:23.854 -0800,799771
S_IQVIA_HDSC_BRICK_READINS,2024-12-18 04:27:08.982 -0800,0
S_IQVIA_HDSC_GENDER,2025-11-11 21:49:13.842 -0800,45
S_IQVIA_HDSC_GENERIC_BRANDED,2025-11-10 13:37:33.365 -0800,14
S_IQVIA_HDSC_MAT_BNDRYAK7_RXER_PRODAK8_SOB_SUM,2024-12-18 04:54:16.084 -0800,0
S_IQVIA_HDSC_MTHLY_ACAK9_PCMDTYAK27_CHNLAK2_SUM,2025-10-09 22:00:13.173 -0700,8635700
S_IQVIA_HDSC_MTHLY_AC_BNDRYAK4_RGMN_PROD_PRODAK5_SWF_PRODAK5_SPCLAK6_RGMN_SOBAK2_PROD_SOBAK2_SUM,2024-12-18 04:27:18.258 -0800,0
S_IQVIA_HDSC_MTHLY_AC_TYP_ORGNML_PRODNML_ATC_SUM,2024-12-18 04:27:08.959 -0800,0
S_IQVIA_HDSC_MTHLY_AC_TYP_PCMDTYAK24_SUM,2024-12-18 04:54:16.136 -0800,0
S_IQVIA_HDSC_MTHLY_ATC_DLVRBL_SUM,2025-01-29 23:15:51.400 -0800,74
S_IQVIA_HDSC_MTHLY_BNDRYAK2_MKT_GRPAK5_PRODAK5_SUM,2024-12-30 01:37:05.521 -0800,29316
S_IQVIA_HDSC_MTHLY_BNDRYAK2_PCMDTY_SPCLAK2_GENDER_AGE_GRP_RX_ORIGNTN_CATG_SUM,2025-11-06 10:53:14.634 -0800,89807042
S_IQVIA_HDSC_MTHLY_BNDRYAK4_PCMDTY_CHNLAK2_MED_COND_SUM,2025-02-04 09:28:17.277 -0800,10289
S_IQVIA_HDSC_MTHLY_BNDRYAK7_PCMDTY_TRANS_DCATGAK2_SUM,2025-02-05 04:47:58.824 -0800,41944828
S_IQVIA_HDSC_MTHLY_BNDRYCD_PRODAK10_TRANS_DCATG_SSTDY_SUM,2025-01-29 21:51:26.381 -0800,748281
S_IQVIA_HDSC_MTHLY_BNDRYNML_AC_TYP_ATC_SUM,2024-12-18 04:27:06.743 -0800,0
S_IQVIA_HDSC_MTHLY_BNDRY_AC_TYP_PRMTR_DISTR_MKT_SUM_CATG_PCMDTY_SUM,2024-12-18 04:27:08.899 -0800,0
S_IQVIA_HDSC_MTHLY_BNDRY_PRODNM_SUM,2025-07-22 14:00:37.924 -0700,1177680
S_IQVIA_HDSC_MTHLY_BNDRY_PROD_CHNL_SUM,2025-10-17 07:00:18.420 -0700,6831435
S_IQVIA_HDSC_PRFSN_SPCL_BNDRY,2025-01-29 21:59:48.107 -0800,69360
S_IQVIA_HDSC_QTRLY_PRODAK5_MED_CLAS_SUM,2024-12-30 01:49:08.044 -0800,1067820
S_IQVIA_HDSC_QTRLY_RXER_PRODAK8_SOB_SUM,2024-12-18 04:54:16.093 -0800,0
S_IQVIA_HDSC_SOCIAL_MEDIA_PLTFM,2025-11-10 13:37:12.123 -0800,9
S_IQVIA_HDSC_TM_PD_BNDRYAK2_PRODAK5_SUM,2024-12-20 15:19:15.673 -0800,0
S_IQVIA_HDSC_TM_PD_PRODAK11_SWF_PRODAK11_SOB_SUM,2025-10-28 23:50:49.888 -0700,1509978
S_IQVIA_HDSC_WKLY_LLBNDRYNM_PPCMDTYNM_CHNL_SUM,2024-12-30 01:49:05.598 -0800,0
S_JDNHINET_TCT_FIX_SS_LAST_YR,2024-12-18 05:08:18.365 -0800,0
S_MDM_PROD_GRP_ALT_NM,2025-11-11 00:21:24.817 -0800,490
S_NHS_BNF_PROD_CHEM_SUBSTN,2025-11-04 04:09:13.613 -0800,5111
S_NHS_BNF_PROD_CHEM_SUBSTN_SC,2025-11-04 04:09:10.084 -0800,5744
S_NHS_FACT_NHS_RX,2025-11-11 06:18:13.736 -0800,1627404785
S_PMW_SALESKPI_WIP,2024-12-30 02:10:57.983 -0800,0
S_SAP_DEFRD_RVNU_CNTRCT_AMSMASOBI,2025-11-11 08:08:09.112 -0800,4206229
S_SAP_ELSA_MD_MA_MAT_H2R,2025-11-10 17:19:13.378 -0800,73959147
S_SAP_ELSA_SCL_MM_ALL_MCH1_PH_CDP_INTFC,2025-11-11 15:09:36.172 -0800,3017412
S_SAP_FSR_OVRVW_AMSMADISC,2025-11-11 08:09:34.010 -0800,24717243
S_VAULT_IMCM_BUSINESS_UNIT,2025-10-01 18:02:28.589 -0700,61
S_VEV_CAMPAIGN_TARGET,2025-11-11 17:38:03.741 -0800,3320669
S_VEV_EM_EVENT_TEAM_MEMBER,2025-11-11 17:23:10.510 -0800,725130
S_VEV_EXPENSE_ATTRIBUTION,2025-11-11 17:13:44.073 -0800,57959
S_GERS_GER_SAL_NAT_MIXT_QUANTI_PHMCL_FORM,2025-10-21 15:45:25.142 -0700,314
S_GERS_GER_SAL_NAT_MIXT_QUANTI_PROD,2025-10-21 15:44:27.457 -0700,9557
S_INTERNAL_SPAIN_CLNCL_TRIALS,2024-12-18 05:08:05.954 -0800,828
S_IQVIA_HDSC_MTHLY_BNDRYAK4_PRODAK5_ATC_SUBSTNAK2_CHNLAK2_REIMBMNT_SUM,2025-11-06 10:04:22.696 -0800,6089
S_IQVIA_HDSC_MTHLY_MKT_SUM_CATG_SUM,2024-12-18 04:27:08.909 -0800,0
S_IQVIA_HDSC_MTHLY_ORGAK6_PCMDTYAK17_CHNLAK2_SUM,2025-10-29 07:42:40.668 -0700,1040801
S_IQVIA_HDSC_MTHLY_ORGNM_PCMDTYAK17_SUM,2025-11-11 09:33:39.037 -0800,8733325
S_IQVIA_HDSC_MTHLY_PCMDTYAK23_CHNLAK2_SUM,2025-01-22 14:03:15.263 -0800,3197
S_IQVIA_HDSC_MTHLY_PCMDTYAK2_CHNLAK2_SUM,2024-12-25 06:47:58.038 -0800,14415
S_IQVIA_HDSC_MTHLY_PRODAK15_PCMDTYAK23_CHNLAK2_SUM,2025-03-12 06:25:13.852 -0700,561311
S_IQVIA_HDSC_PCMDTY,2025-11-11 21:49:46.421 -0800,19949247
S_IQVIA_HDSC_PROML_DETLG_PROD_ORDER,2025-11-10 13:35:28.164 -0800,74
S_IQVIA_HDSC_PROML_ENGMNT_GRP_TYP,2025-11-10 13:36:46.212 -0800,62
S_IQVIA_HDSC_PROML_PROD_CATG_GRP_TYP,2025-11-10 13:39:41.982 -0800,14
S_IQVIA_HDSC_SUBSTN,2025-11-11 21:51:33.618 -0800,192567
S_IQVIA_HDSC_TM_PD_AC_PCMDTY_FCN_SPECLSM_TYPAK2_SUM,2025-10-15 15:02:29.611 -0700,85692
S_IQVIA_HDSC_TM_PD_BNDRYAK2_PRODAK5_DOT_SUM,2024-12-20 14:47:08.085 -0800,0
S_IQVIA_HDSC_TM_PD_BNDRYAK2_PRODAK5_GENDER_AGE_SUM,2024-12-20 14:47:08.091 -0800,0
S_IQVIA_HDSC_TM_PD_BNDRYAK2_PRODAK5_SOBAK2_CLAIM_CNT_GRP_SUM,2024-12-20 15:47:08.046 -0800,0
S_IQVIA_HDSC_TM_PD_PRODAK11_SOB_DIAG_LTH_SEQ_SUM,2025-10-28 21:22:45.788 -0700,4099792
S_IQVIA_HDSC_TM_PD_PRODAK5_FRMLRY_REIMBMNT_CATG_SOBAK2_CLAIM_CNT_GRP_SUM,2024-12-20 15:19:08.035 -0800,0
S_IQVIA_HDSC_WHO_ATC,2025-11-11 16:55:34.604 -0800,1238678
S_JDNHINET_TCT_BIO_LOT,2024-12-30 01:35:08.060 -0800,0
S_MSS_TCM_INST_ROLE,2024-12-30 01:17:45.875 -0800,0
S_MSS_TDM_CPR_SALES_PLAN,2024-12-18 05:08:18.362 -0800,0
S_NHS_PRAC_LOC,2025-11-04 04:09:22.367 -0800,82655
S_SAP_CNTRCT_BILL_PLAN_OVRVW_AMSMABPD,2025-11-11 08:10:42.505 -0800,11556658
S_SAP_DEPOT_REPR_PRODCTVTY_AMSMACOST,2025-11-11 08:08:51.103 -0800,273298
S_SAP_DEPOT_RTN_OVRVW_AMSMACONT,2025-11-11 08:09:21.040 -0800,181602998
S_SAP_H2R_MD_COORDER_001_VIEW_001,2024-12-30 00:44:55.661 -0800,0
S_SAP_SDO_PIS,2025-11-11 15:27:22.319 -0800,34755538
S_SAP_VRTL_RVNU_ELIG_AMSMADISC,2025-11-11 08:07:15.089 -0800,105174651
S_VAULT_IMCM_DOCUMENT,2025-11-11 17:03:27.108 -0800,5920007
S_VEV_ACCOUNT_LIST,2025-11-11 17:30:23.139 -0800,61466
S_VEV_APPROVED_DOCUMENT,2025-11-11 17:23:14.860 -0800,110900
S_VEV_BPH_ADM_EQUIPMENT,2025-11-11 17:27:06.810 -0800,988772
S_VEV_CALL2_EXPENSE,2024-12-18 05:23:16.726 -0800,0
S_VEV_CAMPAIGN_ACTIVITY,2025-11-11 17:11:24.412 -0800,579
S_VEV_CONTRACT_LINE,2024-12-18 05:23:16.729 -0800,0
S_VEV_INVENTORY_ORDER_ALLOCATION,2024-12-18 04:57:09.039 -0800,0
S_VEV_MC_CYCLE,2025-11-11 17:24:14.314 -0800,5850
S_VEV_MC_CYCLE_PRODUCT,2025-11-11 17:23:23.443 -0800,22570
S_VEV_QUESTION,2025-11-11 17:05:23.264 -0800,13178
S_VEV_SAMPLE_INVENTORY_ITEM,2025-11-11 17:09:16.504 -0800,108342
S_VEV_SENT_EMAIL,2025-11-11 17:35:40.474 -0800,22519862
S_IQVIA_HDSC_MAT_PRODAK9_DIAG_AGE_GRP_MEAS_SUM,2025-10-27 11:18:58.699 -0700,39318495
S_IQVIA_HDSC_MTHLY_BNDRY_AC_TYP_MKT_SUM_CATG_PROD_SUM,2024-12-18 04:27:08.904 -0800,0
S_IQVIA_HDSC_PROML_PROD_CATG_TYP,2025-11-10 13:40:11.156 -0800,136
S_IQVIA_HDSC_WKLY_BNDRY_AC_TYP_MKT_SUM_CATG_PROD_SUM,2024-12-18 04:53:08.841 -0800,0
S_SAP_FSR_OVRVW_ALL_SM_NOTFN_DAMSMNUM,2025-11-11 08:07:53.018 -0800,322930
S_VAULT_IMCM_CORE_MESSAGE,2025-11-11 17:03:03.581 -0800,4685
S_VEV_CLINICAL_TRIAL,2025-11-11 17:16:27.260 -0800,1573
S_AKT_SUGGESTION_DATA_TABLE,2024-12-18 05:23:17.058 -0800,2097540
S_ALN_MC_CYCLE,2025-11-11 17:40:28.967 -0800,36799
S_ALN_MC_CYCLE_CHANNEL,2025-11-06 17:41:16.834 -0800,11003
S_CDIS_ADDRESS,2025-11-11 13:40:20.998 -0800,38608568
S_CVENT_BUDGETITEM_CUSTOMFIELDDETAIL,2025-11-11 11:58:11.578 -0800,67240
S_EURYDICE_LCL_CNTRCT_CLIENT,2025-11-10 23:50:09.562 -0800,4667
S_GERS_GER_ORIGIN_SF,2025-11-07 13:34:10.408 -0800,1762313
S_BPN_TVT_DMP_CLICK_LOG,2024-12-18 04:50:16.365 -0800,0
S_CALL_JPC,2024-12-18 04:53:06.279 -0800,0
S_CVENT_REGISTRATION,2025-11-11 11:58:46.368 -0800,678292
S_FARMINFORM_FRAME_DESC,2024-12-18 04:27:08.998 -0800,27
S_GERS_GER_ORIGIN_S_ACORAMIDIS,2025-11-03 07:59:07.683 -0800,45631
S_GERS_GER_SAL_NAT_HOSPITAL_QUANTI_GROUPE_BIOSIMILAIRE,2025-10-21 15:47:47.362 -0700,24
S_GERS_GER_SAL_NAT_HOSPITAL_QUANTI_QUANTI,2025-10-21 15:47:01.296 -0700,710702
S_GERS_GER_SAL_NAT_OFFICINE_QUANTI_COMPOSN_DCI,2025-10-20 15:37:13.330 -0700,27627
S_GERS_GER_SAL_NAT_OFFICINE_QUANTI_IND_GENERIC_REFERENT,2025-10-20 15:40:02.950 -0700,3
S_INTERNAL_SPAIN_PROD,2024-12-18 05:08:08.618 -0800,0
S_IQVIA_HDSC_MEDPRO_TYP,2025-10-28 23:30:17.807 -0700,5
S_IQVIA_HDSC_MTHLY_AC_BNDRYAK4_RGMN_PROD_PRODAK5_SPCLAK6_RGMN_SOBAK2_PROD_SOBAK2_SUM,2024-12-18 04:27:18.272 -0800,0
S_IQVIA_HDSC_MTHLY_AC_PRODNM_SUM,2024-12-18 04:27:08.939 -0800,0
S_ALN_TERRITORY_PRODUCT,2025-11-11 17:39:51.606 -0800,525209
S_EXTA_IMCM_PH_CAMPAIGN,2025-11-11 13:53:06.422 -0800,9500
S_GERS_GER_CHNL,2024-12-18 05:23:09.360 -0800,14
S_GERS_GER_SAL_NAT_DOMTOM_QUANTI_LISTE,2025-10-22 16:26:48.648 -0700,5
S_GERS_GER_SAL_NAT_OFFICINE_QUANTI_GRP_DCI,2025-10-20 15:41:29.693 -0700,749
S_GERS_GER_SAL_SIG_UGA_OFF_GENL,2025-10-20 15:40:35.905 -0700,3
S_INTERNAL_DE_EXTL_DLR_SALES_DATA,2025-06-12 01:54:32.324 -0700,1157
S_INTERNAL_DE_EXTL_DLR_SALES_DATA_AC,2025-06-12 01:54:32.115 -0700,214
S_INTERNAL_GB_PROD,2024-12-30 10:48:08.343 -0800,10
S_IQVIA_HDSC_CNCMTNC_NFC,2024-12-26 06:59:55.538 -0800,1934299
S_IQVIA_HDSC_FCN_SPECLSM_TYP,2025-11-06 12:16:41.144 -0800,3285
S_IQVIA_HDSC_INDCTN_FOR_USE_CATG,2025-10-17 18:22:02.237 -0700,91
S_IQVIA_HDSC_MED_CLAS,2025-10-28 06:01:34.916 -0700,12315
S_IQVIA_HDSC_MTHLY_BNDRYAK4_PCMDTYAK17_CHNLAK2_SUM,2025-08-07 11:28:02.463 -0700,35250
S_IQVIA_HDSC_MTHLY_BNDRYAK4_RGMN_PROD_PRODAK5_SWF_PRODAK5_SPCLAK6_RGMN_SOBAK2_PROD_SOBAK2_GENDERAK2_AGE_SUM,2024-12-18 04:27:16.408 -0800,0
S_IQVIA_HDSC_MTHLY_BNDRYAK7_PRODAK5_SUM,2024-12-18 05:08:17.175 -0800,0
S_IQVIA_HDSC_MTHLY_BNDRYNML_AC_TYP_ORGNML_PRODNML_ATC_SUM,2024-12-18 04:27:06.727 -0800,0
S_IQVIA_HDSC_MTHLY_BNDRYNML_AC_TYP_ORGNML_SUM,2024-12-18 04:27:06.747 -0800,0
S_IQVIA_HDSC_MTHLY_BNDRY_AC_TYP_SUM,2024-12-18 04:27:08.948 -0800,0
S_IQVIA_HDSC_MTHLY_BNDRY_PCMDTY_RX_ORIGNTN_CHNL_SUM,2025-11-11 10:05:31.555 -0800,579018
S_IQVIA_HDSC_MTHLY_BNDRY_REAL,2024-12-18 04:54:18.419 -0800,0
S_IQVIA_HDSC_MTHLY_PCMDTYAK26_SUM,2025-10-17 11:06:00.331 -0700,705
S_IQVIA_HDSC_MTHLY_PRODAK11_SOBAK2_TRTMT_COND_CATG_LTH_SEQ_SUM,2025-02-17 05:33:21.171 -0800,22804
S_IQVIA_HDSC_MTHLY_PRODAK5_RGMN_SUM,2024-12-20 14:47:05.725 -0800,0
S_IQVIA_HDSC_MTHLY_PROD_SUM,2024-12-18 04:27:06.767 -0800,0
S_IQVIA_HDSC_ORG_STRC,2025-11-11 21:50:58.108 -0800,97412
S_IQVIA_HDSC_PROD_PCMDTY_GRP,2025-11-10 14:12:34.461 -0800,155536
S_IQVIA_HDSC_PROD_PCMDTY_GRP_BNDRY,2025-10-29 08:07:59.128 -0700,96250
S_IQVIA_HDSC_PROML_DETLG_PURP_GRP_CATG,2025-11-10 13:39:48.051 -0800,11
S_IQVIA_HDSC_PROML_MED_COND_TYP_CATG,2024-12-18 15:33:07.991 -0800,3
S_IQVIA_HDSC_PROML_PROD_DETL_ONLN_DSCVRY_METH_TYP,2025-11-10 13:40:04.753 -0800,23
S_IQVIA_HDSC_QTRLY_PCMDTY_SUM,2024-12-18 04:54:16.143 -0800,0
S_IQVIA_HDSC_QTRLY_RGMN_SUBSTN_DIAG_COND_SUM,2025-10-23 06:55:26.382 -0700,104
S_IQVIA_HDSC_TM_PD_ORGAK6_PCMDTYAK4_MED_CLAS_SOBAK3_SPCLAK3_MEDPRO_RX_TYP_SUM,2025-10-28 06:02:20.348 -0700,3710
S_IQVIA_HDSC_WKLY_BNDRYAK7_PCMDTY_SUM,2025-10-22 22:57:47.401 -0700,1292666
S_IQVIA_HDSC_WKLY_PCMDTYAK23_SUM,2025-02-05 09:11:07.511 -0800,8086
S_MDM_PROD_GRP_ID,2025-11-11 00:21:48.552 -0800,185184
S_MSS_TCM_CALENDAR,2024-12-30 01:17:45.845 -0800,0
S_MSS_TCT_WS_SS_PLAN,2024-12-30 01:17:45.973 -0800,0
S_NOZOMI_TTR0094NZM_MEETING,2024-12-18 04:49:16.173 -0800,0
S_PRECISIONAI_CAMPAIGN_SIMULATOR,2024-12-18 21:44:15.568 -0800,261
S_SFMC_CAM_TARGETDATAOUTPUT_V2,2025-09-01 14:38:40.983 -0700,2755873
S_VEEVA_TMMS_CRM_TRRTRY,2024-12-30 01:11:15.629 -0800,0
S_VEV_ACCOUNT_PLAN,2025-11-11 17:24:31.585 -0800,51301
S_VEV_EM_EVENT_MATERIAL,2025-11-11 17:21:18.385 -0800,2922276
S_VEV_PUBLICATION,2024-12-18 05:23:16.728 -0800,0
S_VEV_SAMPLE_INVENTORY,2025-11-11 17:13:09.580 -0800,12246
S_GERS_GER_SAL_NAT_OFFICINE_QUANTI_STAT_REFUND_RATE_HIST,2025-10-20 15:37:30.008 -0700,1467906
S_INTERNAL_FR_SECDY_SALE_FR,2024-12-18 05:07:08.078 -0800,2
S_INTERNAL_POLAND_BNDRY,2025-10-10 11:24:48.017 -0700,1056
S_IQVIA_HDSC_AC_TYP,2025-11-11 16:56:10.275 -0800,565706
S_IQVIA_HDSC_IT_DIAG_INSIGHT_DETL,2024-12-26 07:09:15.597 -0800,189861571
S_IQVIA_HDSC_MTHLY_BNDRYAK4_PRODAK5_SPCLAK3_SOBAK2_RX_FILL_TYP_GENDER_AGE_SUM,2024-12-26 06:54:05.528 -0800,354098
S_IQVIA_HDSC_MTHLY_BNDRYAK4_RGMN_PROD_SPCLAK6_RGMN_SOBAK2_GENDERAK2_AGE_SUM,2024-12-18 04:27:16.453 -0800,0
S_IQVIA_HDSC_MTHLY_BNDRYAK4_RGMN_PROD_SWF_RGMN_PROD_SPCLAK6_RGMN_SOBAK2_GENDERAK2_AGE_SUM,2024-12-18 04:27:16.413 -0800,0
S_IQVIA_HDSC_MTHLY_BNDRYAK5_PRODAK5_SW_RSLT_PRODAK5_SOBAK2_TRTMT_OUTCM_COND_CATG_SPCLAK4_TRANS_DCATGAK2_SUM,2024-12-30 09:35:55.563 -0800,4715998
S_IQVIA_HDSC_MTHLY_BNDRYCD_PCMDTY_TRANS_DCATG_SPCL_SUM,2025-01-29 21:56:43.571 -0800,22754
S_IQVIA_HDSC_MTHLY_CORP_OWNNM_PRMTRNM_PCMDTYAK13_CHNL_SPCL_MMEDIA_PROM_DETL,2025-10-17 18:34:11.203 -0700,1733484
S_IQVIA_HDSC_MTHLY_PGRP_DLVRBL_SUM,2025-01-29 23:11:41.019 -0800,1810
S_IQVIA_HDSC_ORG_ROLE_BNDRY,2025-01-29 23:19:05.118 -0800,51896
S_IQVIA_HDSC_PCMDTY_BIOL_CLAS_TYP,2025-10-14 07:27:44.801 -0700,6
S_IQVIA_HDSC_PROML_CTCT_FUT_PSCRNG_INTENTN_CATG,2025-11-10 13:36:39.429 -0800,30
S_IQVIA_HDSC_PROML_CTCT_GRP_TYP,2025-11-10 13:37:26.394 -0800,44
S_IQVIA_HDSC_PROML_MT_PRMTR_ORG_REL_ROLE,2025-11-10 13:39:05.575 -0800,13
S_IQVIA_HDSC_PROML_MT_PRMTR_ORG_REL_TYP,2025-11-10 13:38:00.498 -0800,14
S_IQVIA_HDSC_QTRLY_PRODAK11_MED_CLAS_SOBAK3_SUM,2024-12-18 05:08:16.565 -0800,14446
S_IQVIA_HDSC_QTRLY_PRODAK5_SOB_TYPAK2_SUM,2024-12-30 01:47:55.720 -0800,135948
S_IQVIA_HDSC_QTRLY_PRODAK9_SOB_THPY_STRT_MEAS_SUM,2025-10-27 11:23:37.313 -0700,6615631
S_IQVIA_HDSC_TM_PD_ORGAK6_SUM,2024-12-18 05:03:06.206 -0800,1620
S_IQVIA_HDSC_TM_PD_PRODAK5_FRMLRY_REIMBMNT_CATG_DOT_SUM,2024-12-20 15:19:15.698 -0800,0
S_IQVIA_HDSC_WKLY_BNDRYAK2_PCMDTYAK27_SUM,2024-12-30 01:08:58.172 -0800,0
S_JDNHINET_TCT_FIX_SS_MN_AGGR,2024-12-30 01:35:57.985 -0800,0
S_JPC_HCP_ARCHIVED,2024-12-18 04:50:16.583 -0800,0
S_MDM_PROD_RLTN,2025-11-11 00:21:47.149 -0800,246815
S_MSS_TCM_INST_STR,2024-12-30 01:18:55.535 -0800,0
S_MSS_TCM_WS_RANK,2024-12-30 01:17:48.132 -0800,0
S_MSS_TDM_BI_PROC,2024-12-30 01:17:45.948 -0800,0
S_NOZOMI_TMR0094CRY_PAYMENT_NOZOMI,2024-12-18 04:49:16.074 -0800,0
S_SAP_BKA_SERVICE_ACTIVITY_REVENUE,2025-11-11 08:06:34.662 -0800,73154
S_SAP_H2R_MD_VE_VNDR_VIEW_001,2024-12-18 05:00:16.294 -0800,0
S_SAP_TDM_USR_MDC_PO_MAP_GO4ONE_ALL,2024-12-18 04:26:08.181 -0800,0
S_SEVERAL_DATA_FEEDS_PROD,2024-12-30 10:46:05.550 -0800,1
S_STD_PH_MKTG_MEDIA,2024-12-30 00:48:58.119 -0800,0
S_THIRD_PARTY_BRICK_COUNTRY_DATA_PCMDTY,2025-11-11 08:34:03.037 -0800,2662075
S_VAULT_IMCM_MESSAGE_HIERARCHY,2025-01-28 08:12:54.456 -0800,30671
S_VAULT_IMCM_PRODUCT,2025-11-11 17:02:14.253 -0800,2530
S_VAULT_IMCM_USERS,2025-11-11 17:02:55.180 -0800,345523
S_VEV_CAMPAIGN,2025-11-11 17:31:13.748 -0800,10349
S_VEV_CLM_PRESENTATION,2025-11-11 17:08:20.766 -0800,58520
S_VEV_CONSENT_TYPE,2025-11-11 17:21:40.628 -0800,7091
S_VEV_DYNAMIC_ATTRIBUTE,2025-11-11 17:22:00.252 -0800,45164
S_VEV_EM_ATTENDEE,2025-11-11 17:06:35.432 -0800,3474891
S_VEV_EM_VENUE,2025-11-11 17:05:24.829 -0800,96514
S_VEV_EVENT_PAYMENTS,2024-12-18 04:50:18.558 -0800,0
S_VEV_MEDICAL_INQUIRY,2025-11-11 17:37:22.407 -0800,46647
S_VEV_NOTE,2025-11-11 17:23:30.352 -0800,14488
S_VEV_RECORD_TYPE,2025-10-06 18:06:13.648 -0700,10925
S_VEV_REMOTE_MEETING,2025-11-11 17:31:02.698 -0800,428505
S_VEV_TERRITORY_REFRESH,2025-11-11 17:35:33.611 -0800,19834
S_SAP_FSR_DETL_AMSMASOBI,2025-11-11 08:06:12.810 -0800,77077
S_SAP_PO_CDP_PH_JP,2024-12-18 05:36:08.739 -0800,0
S_SECDY_SALE_RAD_SG,2024-12-25 11:42:07.976 -0800,0
S_VEV_DATA_CHANGE_REQUEST,2025-11-11 17:23:29.016 -0800,53924410
S_VEV_VEEV_PERMISSION_SET_MAP,2025-09-19 18:16:50.590 -0700,504186
S_SECDY_SALE_KR,2024-12-26 05:52:45.550 -0800,0
S_VEV_CONTRACT_PARTNER,2025-11-11 17:10:16.063 -0800,6732
BR_ACCOUNT_TERRITORY_TABLE,2024-12-20 14:47:08.144 -0800,91055316
DATABASECHANGELOGLOCK,2025-11-03 07:02:23.782 -0800,1
FIA_PW_EVENTFINANCIAL,2024-12-30 02:07:08.016 -0800,0
STG_REF_TARGETS_CA,2024-12-18 04:27:16.234 -0800,0
S_ALN_GEOGRAPHY_TERRITORY,2025-11-11 17:40:49.353 -0800,2826810
S_FARMINFORM_BNDRY_ASSC,2024-12-18 04:27:09.102 -0800,365
S_FARMINFORM_NATL_SALES,2024-12-22 08:03:47.986 -0800,46740980
S_GERS_GER_SAL_NAT_OFFICINE_QUANTI_QUALI,2025-10-20 15:38:42.330 -0700,21274
FIA_PW_EVENT,2024-12-30 02:07:08.008 -0800,0
S_ALN_ROSTER_MEMBER,2025-11-11 17:40:05.965 -0800,27841
S_ALN_ROSTER_MEMBER_TERRITORY,2025-11-11 17:40:53.026 -0800,56726
S_CVENT_BUDGETITEM_APPLICABLE_TAX,2025-11-11 11:57:43.235 -0800,746755
S_EXTA_IMCM_PH_JOURNEY_ACTIVITY_MASTER,2025-11-11 13:53:01.818 -0800,1139399
S_GERS_GER_DS,2024-12-18 05:23:06.996 -0800,15
S_GERS_GER_SAL_NAT_DOMTOM_QUANTI_ADMN_RTE,2025-10-22 16:29:07.597 -0700,65
S_GERS_GER_SAL_NAT_DOMTOM_QUANTI_GROUPE_BIOSIMILAIRE,2025-10-22 16:26:29.419 -0700,24
S_GERS_GER_SAL_NAT_OFFICINE_QUANTI_IND_GENERIC_BRAND_DCI,2025-10-20 15:41:26.408 -0700,3
S_GERS_GER_STATHOP_MKT_COMPOSN,2024-12-24 15:53:05.562 -0800,195
S_INTERNAL_POLAND_KOREKTY,2024-12-18 05:20:08.144 -0800,763
S_IQVIA_HDSC_CURR_EXCH_RT,2025-11-10 14:18:40.617 -0800,15011
S_IQVIA_HDSC_MTHLY_AC_TYP_ENGMNT_ORG_PROM_RNKG_SUM,2024-12-18 04:27:06.752 -0800,0
S_IQVIA_HDSC_MTHLY_AC_TYP_ORGACRO_PCMDTY_FORM_STRNT_ATC_UNIT_PRC_SUM,2024-12-18 04:27:06.749 -0800,0
S_IQVIA_HDSC_MTHLY_BNDRYAK4_SW_PRODAK5_SPCLAK3_SOBAK2_RX_FILL_TYP_PROD_MKT_GENDER_AGE_SUM,2024-12-25 11:02:47.966 -0800,1506533
S_ALN_TERRITORY_FOOTPRINT,2025-11-10 17:55:18.484 -0800,72336
S_CARENET_EDETAILING_CARENET_MRPLUS,2024-12-18 04:25:15.686 -0800,0
S_CRST_IMCM_SPENDCAP,2024-12-30 10:30:05.656 -0800,310784
S_FARMINFORM_BAYER_ARTICLE,2024-12-22 08:03:47.985 -0800,1732098
S_GA_SESSIONS_EXPERIMENT,2024-12-30 04:57:55.977 -0800,0
S_GA_SESSIONS_HITS,2024-12-18 04:26:08.292 -0800,92044232
S_GERS_GER_ORIGIN_ONCO,2025-10-22 16:31:53.828 -0700,436866
S_GERS_GER_SAL_NAT_DOMTOM_QUANTI_GRP_LBTY,2025-10-22 16:27:12.318 -0700,251
S_GERS_GER_SAL_NAT_DOMTOM_QUANTI_IND_GENERIC_BRAND_DCI,2025-10-22 16:25:55.935 -0700,3
S_GERS_GER_SAL_NAT_OFFICINE_QUANTI_QUANTI,2025-10-20 15:38:53.592 -0700,1045497
S_GERS_GER_SAL_SIG_UGA_OFF_STDY_RSLT,2025-10-20 15:52:28.789 -0700,15856026
S_INTERNAL_NZ_SECDY_SALE_NZ,2024-12-29 23:48:15.634 -0800,0
S_IQVIA_HDSC_BNDRY_AC_CHG,2024-12-18 04:27:08.982 -0800,0
S_IQVIA_HDSC_BNDRY_AC_TYP_PRMTR_DISTR_PCMDTY_SUM,2024-12-18 04:27:06.767 -0800,0
S_IQVIA_HDSC_CHC,2025-11-11 21:48:54.033 -0800,108620
S_IQVIA_HDSC_CHNL,2025-11-11 10:03:58.203 -0800,240
S_IQVIA_HDSC_CLINSTDY_PHASE,2024-12-18 15:35:15.534 -0800,6
S_IQVIA_HDSC_CONTG_ME_CATG,2025-11-10 13:40:24.107 -0800,16
S_IQVIA_HDSC_DS_PUBL_LOG,2025-11-11 21:52:31.683 -0800,5917
S_IQVIA_HDSC_MKT_AC_SALE_ALLOC_SET,2024-12-30 03:45:57.963 -0800,0
S_IQVIA_HDSC_MKT_SEGTN_CATG,2025-11-03 05:42:59.152 -0800,16
S_IQVIA_HDSC_MTHLY_AC_BNDRYAK4_PRODAK5_SPCLAK6_SOBAK2_DOT_SUM,2024-12-18 04:27:18.276 -0800,0
S_IQVIA_HDSC_MTHLY_AC_TYPAK2_PCMDTY_SPCLAK2_GENDERAK2_AGE_SOBAK2_COPAY_SUM,2025-06-30 18:06:39.396 -0700,1348996
S_IQVIA_HDSC_MTHLY_AC_TYP_ENGMNT_ORG_PRODNM_PROD3_INGRD_SPCL_PROM_DETL,2024-12-18 04:27:06.757 -0800,0
S_IQVIA_HDSC_MTHLY_BNDRYAK2_PCMDTY_SPCLAK2_GENDER_AGE_GRP_RX_CATG_SUM,2025-11-06 11:30:23.611 -0800,68752926
S_IQVIA_HDSC_MTHLY_BNDRYAK7_PCMDTY_CHNL_SUM,2025-10-16 02:56:22.405 -0700,46449025
S_IQVIA_HDSC_MTHLY_BNDRYAK7_PCMDTY_SPCLAK3_SUM,2024-12-16 16:44:54.125 -0800,1004031
S_IQVIA_HDSC_MTHLY_BNDRYAK7_RXER_PRODAK8_SOB_SUM,2024-12-18 04:54:16.093 -0800,0
S_IQVIA_HDSC_MTHLY_BNDRY_PCMDTY_RX_ORIGNTN_SUM,2024-12-18 04:27:06.728 -0800,1011265
S_IQVIA_HDSC_MTHLY_BNDRY_PCMDTY_SUM,2025-11-10 14:18:13.334 -0800,18612286
S_IQVIA_HDSC_MTHLY_BNDRY_PROD_RX_ORIGNTN_CHNL_SUM,2025-11-11 05:12:37.139 -0800,9515254
S_IQVIA_HDSC_MTHLY_MKT_BNDRY_PRODNM_SUM,2024-12-18 04:27:06.728 -0800,0
S_IQVIA_HDSC_NFC_CLAS,2025-11-11 10:03:31.770 -0800,28144
S_IQVIA_HDSC_PRFSN_SPCL_TYP,2025-11-11 21:52:20.842 -0800,978
S_IQVIA_HDSC_PROML_DETLG_DEVICE_TYP,2025-11-10 13:36:59.280 -0800,52
S_IQVIA_HDSC_SOB_TYP,2025-10-28 23:50:22.321 -0700,115
S_IQVIA_HDSC_TM_PD_BNDRYAK2_PCMDTYAK23_SPCLAK2_GENDER_AGE_GRP_RX_CATG_SUM,2025-11-11 21:48:45.409 -0800,29982536
S_IQVIA_HDSC_TM_PD_BNDRYAK2_SW_PRODAK5_SOBAK2_SUM,2024-12-20 15:23:07.974 -0800,0
S_IQVIA_HDSC_TM_PD_RGMN_SUBSTN_DIAG_COND_SOB_SUM,2025-10-28 19:26:11.395 -0700,21180
S_MDM_PROD_RLTN_ID,2025-11-11 00:21:47.989 -0800,93196
S_MSS_TCM_ITEM_UNIT_PRC,2024-12-30 01:17:48.139 -0800,0
S_MSS_TCM_SALES_ORG_PREF,2024-12-30 01:17:48.147 -0800,0
S_MSS_TDM_INST_TGT,2024-12-30 01:17:48.142 -0800,0
S_NOZOMI_TMR0094BYL_VVA_BU_CTRL,2024-12-18 04:57:08.992 -0800,0
S_PW_CONTRACT,2024-12-18 05:23:09.315 -0800,0
S_REF_EXCLUSION_TGLIST_JP,2024-12-24 11:15:45.518 -0800,0
S_VAULT_BINDER_DOCUMENT,2025-11-11 17:02:36.849 -0800,742009
S_VAULT_IMCM_SUBREGION,2025-02-11 04:50:55.414 -0800,14
S_VEV_ACCOUNT,2025-11-11 17:22:06.539 -0800,81399255
S_VEV_CONTENT_DOCUMENT,2025-11-11 17:25:35.013 -0800,2993465
S_VEV_EXPENSE_TYPE,2025-11-11 17:16:53.956 -0800,18798
S_VEV_SUGGESTION_TAG,2025-11-11 17:24:08.671 -0800,10469768
S_GERS_GER_SAL_NAT_OFFICINE_QUANTI_PAY,2025-10-20 15:40:20.621 -0700,1
S_IQVIA_HDSC_CLINSTDY_PURP,2024-12-18 15:33:07.999 -0800,18
S_IQVIA_HDSC_DS,2025-11-11 21:52:10.065 -0800,571
S_IQVIA_HDSC_FRMLRY_REIMBMNT_CATG,2025-10-14 07:29:07.938 -0700,28
S_IQVIA_HDSC_MTHLY_AC_AC_TYPAK2_BNDRYAK2_PCMDTYAK23_SUM,2024-12-18 05:23:18.413 -0800,567755
S_IQVIA_HDSC_MTHLY_AC_BNDRYAK4_RGMN_PROD_SPCLAK6_RGMN_SOBAK2_SUM,2024-12-18 04:27:18.278 -0800,0
S_IQVIA_HDSC_MTHLY_AC_TYPAK2_CORP_OWNAK6_PRMTRAK6_PRODAK15_ATC_CHC_CHNL_SPCLAK2_PROM_DETL,2025-11-03 05:51:38.158 -0800,277196415
S_IQVIA_HDSC_MTHLY_BNDRYAK2_PRODAK5_SUM,2025-04-25 02:10:38.151 -0700,108377
S_IQVIA_HDSC_MTHLY_BNDRYAK4_RGMN_PROD_PRODAK5_SPCLAK6_RGMN_SOBAK2_PROD_SOBAK2_GENDERAK2_AGE_SUM,2024-12-18 04:27:18.229 -0800,0
S_IQVIA_HDSC_MTHLY_PCMDTYAK6_SUM,2025-10-29 18:26:03.243 -0700,3151
S_IQVIA_HDSC_PROML_DETLG_PURP_CATG,2025-11-10 13:36:52.838 -0800,13
S_IQVIA_HDSC_PROML_MED_COND_TYP,2024-12-18 15:35:17.997 -0800,70
S_IQVIA_HDSC_TM_PD_BNDRYAK2_OACAK6_PRODAK11_MED_COND_SUM,2025-11-03 18:04:36.849 -0800,1391971
S_IQVIA_HDSC_TM_PD_BNDRYAK2_PCMDTYAK4_SUM,2025-10-21 06:11:29.198 -0700,351888
S_IQVIA_HDSC_TM_PD_BNDRYAK2_PRODAK5_SOBAK2_AGE_GRP_SUM,2024-12-20 15:47:08.107 -0800,0
S_IQVIA_HDSC_TM_PD_BNDRY_AC_CATGAK2_AC_TYPAK2_PCMDTY_SUM,2024-12-18 05:03:06.219 -0800,7355377
S_IQVIA_HDSC_TM_PD_PRODAK11_PAT_CNT_CATG_SUM,2025-10-29 07:13:45.068 -0700,17677
S_IQVIA_HDSC_TM_PD_PRODAK5_FRMLRY_REIMBMNT_CATG_SOBAK2_SUM,2024-12-20 15:19:08.031 -0800,0
S_IQVIA_HDSC_WKLY_BNDRY_ORGACRO_PCMDTY_FORM_STRNT_SUM,2024-12-18 04:27:16.343 -0800,0
S_MEDPEER_TDT_MEDPEER_CLICK_INFO,2024-12-18 04:49:16.119 -0800,0
S_MSS_TCM_WS_ORG,2024-12-30 01:17:45.863 -0800,0
S_MSS_TDM_SUBBU_AREA,2024-12-30 01:17:45.949 -0800,0
S_MSS_TDM_USR_ITEM_DISP_ORDER,2024-12-30 01:17:48.150 -0800,0
S_NHS_CLNCL_CMIS_GRP_ENG,2025-11-03 07:07:09.832 -0800,654
S_OPEN_SOURCE_RX_ATC,2024-12-18 05:23:18.346 -0800,109
S_PW_SPEAKER,2024-12-18 05:21:18.162 -0800,0
S_REF_HCO_SEGMENTATION_JP,2024-12-19 10:04:55.539 -0800,0
S_SANTEN_TCT_COPRO_SS_DAT,2024-12-30 01:35:15.750 -0800,0
S_SAP_CNTRCT_BILL_PLAN_OVRVW_AMSMACONT,2025-11-11 08:08:24.758 -0800,3402090
S_SAP_ELSA_MD_DS_CRNCY_CONVN_H2R,2025-11-11 15:11:20.116 -0800,149481867
S_SAP_ELSA_MD_FACT_ITM_H2R,2025-10-03 16:14:33.529 -0700,28662
S_SAP_FSR_DETL_AMSMACONT,2024-12-18 04:53:06.411 -0800,0
S_SAP_FSR_DETL_AMSMACOST,2025-11-11 08:06:24.162 -0800,6787831
S_SAP_FSR_DETL_AMSMATAS,2025-11-11 08:05:20.801 -0800,250955
S_SAP_MOBL_USER_ASGNT_AMSMATER2,2025-11-11 08:10:21.471 -0800,162756
S_SAP_SD_CPCON,2025-11-11 15:27:33.930 -0800,25142537
S_SAP_SD_SALE_COPA,2025-11-11 15:27:01.902 -0800,25142802
S_SECDY_SALE_RAD_PH,2024-12-26 09:48:08.001 -0800,0
S_THIRD_PARTY_BRICK_COUNTRY_DATA,2025-11-11 08:34:35.008 -0800,9197264
S_THIRD_PARTY_BRICK_COUNTRY_DATA_BNDRY_ASSC,2025-11-11 08:34:04.378 -0800,570
S_THIRD_PARTY_HIRA_REIMBMNT_DATA,2024-12-18 05:02:18.006 -0800,0
S_THIRD_PARTY_MKT_DATA_SCHWAB_PROD,2024-12-18 04:27:16.499 -0800,0
S_ULTMARC_TDM_DCF_INST_DR,2024-12-30 01:17:45.884 -0800,0
S_ULTMARC_TDM_DEPT,2024-12-30 01:17:45.839 -0800,0
S_VAULT_GLOBAL_PRODUCT,2025-11-11 17:03:12.939 -0800,4805878
S_VEV_ACCOUNTSHARE,2025-11-11 17:32:46.023 -0800,126182487
S_VEV_ACCOUNT_TACTIC,2025-11-11 17:13:45.791 -0800,12212
S_VEV_CAMPAIGN_ACTIVITY_TARGET_EXECUTION,2025-11-11 17:11:52.286 -0800,3405749
S_VEV_CLM_PRESENTATION_SLIDE,2025-11-11 17:15:14.607 -0800,647726
S_VEV_CONTENT_TYPE,2024-12-28 19:03:15.533 -0800,6
S_VEV_SAMPLE_ORDER_TRANSACTION,2025-11-11 17:13:11.339 -0800,134682
S_VEV_SENT_FRAGMENT,2025-11-11 17:17:19.823 -0800,182051
S_VEV_USERROLE,2025-11-11 17:33:43.162 -0800,34252
S_IQVIA_HDSC_MTHLY_BNDRYAK4_PCMDTYAK23_SUM,2025-11-05 22:47:58.029 -0800,144600
S_PHARMALINK_PCMDTY,2024-12-18 04:57:08.807 -0800,7
S_SAP_ELSA_MD_MA_UOM_MAT_H2R,2025-11-10 17:14:35.206 -0800,58594747
S_VEV_KEY_STAKEHOLDER,2025-11-11 17:19:40.897 -0800,65514
S_VEV_SPEAKER_PAYMENT,2024-12-30 13:19:45.558 -0800,0
BR_TERRITORY_TABLE,2024-12-21 07:49:55.550 -0800,22730
FIA_PW_SPEAKER,2024-12-30 02:07:08.008 -0800,0
S_ALN_ACCOUNT,2025-11-11 17:43:42.646 -0800,34425240
S_ALN_MC_CYCLE_PLAN_PRODUCT,2025-11-11 17:43:21.162 -0800,49977154
S_ALN_PRODUCT,2025-11-10 17:54:04.478 -0800,78656
S_ALN_ROSTER_MEMBER_TERRITORY_MODEL,2025-11-11 17:41:50.015 -0800,78406
S_ALN_TERRITORY,2025-11-11 17:40:16.337 -0800,5364485
S_EXTA_IMCM_PH_JOBSMASTER,2025-11-11 13:52:38.851 -0800,121214
S_GERS_GER_SAL_NAT_HOSPITAL_QUANTI_QUALI_COMPLEMENT,2025-10-21 15:42:48.778 -0700,16063
FIA_STD_LIVERAMP_DCM_ACTIVITY_CLICK_IMPRESSION_NPLD,2024-12-30 01:17:48.142 -0800,0
S_ALN_ACCOUNT_TERRITORY,2025-11-11 17:49:26.976 -0800,367511673
S_ALN_TERRITORY_HISTORY,2025-11-11 17:42:06.153 -0800,21617992
S_CLM_PRESENTATION_JPC,2024-12-18 04:53:06.280 -0800,0
S_CVENT_BUDGETITEM_TAX_PERCENTAGE,2025-11-11 11:58:32.353 -0800,746755
S_EURYDICE_LCL_CNTRCT_TARIF,2025-11-10 23:50:40.328 -0800,458
S_GERS_GER_ORIGIN_EYLEA,2025-10-22 16:27:33.727 -0700,374109
S_GERS_GER_SAL_NAT_DOMTOM_QUANTI_IND_GENERIC_OPRT,2025-10-22 16:31:27.345 -0700,3
S_GERS_GER_SAL_NAT_DOMTOM_QUANTI_STAT_REFUND_RATE_HIST,2025-10-22 16:27:51.284 -0700,7008192
S_HR_ABSENCE_HR_COREX,2025-11-11 20:45:37.199 -0800,262583
S_IQVIA_HDSC_BNDRY_ASSC,2025-11-11 21:51:21.468 -0800,688110
S_IQVIA_HDSC_DAILY_PCMDTY_SUM,2025-01-27 12:39:10.145 -0800,0
S_IQVIA_HDSC_LCL_CLAS,2025-01-27 12:39:15.392 -0800,21
S_IQVIA_HDSC_MTHLY_BNDRYAK4_PRODAK5_SPCLAK6_SOBAK2_GENDERAK2_AGE_DOT_SUM,2024-12-18 04:27:18.226 -0800,0
S_IQVIA_HDSC_MTHLY_BNDRYAK7_PCMDTY_SUM,2025-10-09 14:37:17.744 -0700,421512984
S_IQVIA_HDSC_MTHLY_BNDRYNM_SUM,2024-12-18 04:27:08.909 -0800,0
S_CDIS_CONTACT_DETAILS,2025-11-11 13:40:07.020 -0800,11536546
S_FARMINFORM_BNDRY,2024-12-18 04:27:16.198 -0800,407
S_GA_SESSIONS_CUSTOM_DIMENSION,2024-12-30 04:57:58.174 -0800,0
S_GERS_GER_ORIGIN_H_ACORAMIDIS,2025-11-03 23:14:07.933 -0800,27590
S_GERS_GER_SAL_NAT_DOMTOM_QUANTI_COMPOSN_DCI,2025-10-22 16:25:19.627 -0700,130341
S_GERS_GER_SAL_NAT_DOMTOM_QUANTI_DRTY_GENERIC_HIST,2025-10-22 16:26:46.249 -0700,7008192
S_GERS_GER_SAL_NAT_DOMTOM_QUANTI_QUANTI_COMPLEMENT,2025-10-22 16:30:22.101 -0700,4144410
S_GERS_GER_SAL_NAT_DOMTOM_QUANTI_REFUND_STAT,2025-10-22 16:27:57.265 -0700,2
S_GERS_GER_SAL_NAT_MIXT_QUANTI_GROUPE_BIOSIMILAIRE,2025-10-21 15:42:44.206 -0700,24
S_GERS_GER_SAL_NAT_OFFICINE_QUANTI_CLAS_EPHMRA,2025-10-20 15:40:25.155 -0700,21274
S_GERS_GER_SAL_NAT_OFFICINE_QUANTI_PRESN,2025-10-20 15:40:01.377 -0700,21406
S_INTERNAL_IT_SECDY_SALE_IT,2024-12-18 04:40:16.048 -0800,0
S_INTERNAL_TH_SECDY_SALE_TH,2024-12-18 05:36:06.979 -0800,0
S_IQVIA_HDSC_ATC,2025-11-11 21:50:42.270 -0800,206351
S_IQVIA_HDSC_HALF_MTHLY_BNDRYAK7_PCMDTY_CHNL_SUM,2024-12-18 19:34:07.993 -0800,18218739
S_IQVIA_HDSC_MTHLY_AC_AC_TYP_PROD_PCMDTY_GRP_BNDRY_MVST_SUM,2025-10-28 20:57:44.351 -0700,2754985
S_IQVIA_HDSC_MTHLY_AC_TYPAK2_CORP_OWNAK6_PRMTRAK6_PRODAK15_ATC_CHC_CHNL_SPCLAK2_PROM_SCND_DETL,2024-12-18 04:54:16.136 -0800,0
S_IQVIA_HDSC_MTHLY_AC_TYPAK2_CORP_OWN_ORGAK6_PRMTR_ORGAK6_PCMDTYAK13_SPCLAK2_PROM_DETL,2024-12-18 05:00:18.299 -0800,172272
S_IQVIA_HDSC_MTHLY_BNDRYAK2_MKT_GRPAK5_PCMDTY_SPCL_SUM,2024-12-18 05:03:06.201 -0800,328749
S_IQVIA_HDSC_MTHLY_BNDRYAK4_PCMDTYAK6_SUM,2025-10-10 11:24:21.390 -0700,836194
S_IQVIA_HDSC_MTHLY_BNDRYAK7_PCMDTY_FRMLRY_REIMBMNT_CATG_SUM,2025-01-09 16:58:22.983 -0800,3182394
S_IQVIA_HDSC_MTHLY_BNDRYCD_PCMDTY_TRANS_DCATG_SSTDY_SUM,2025-01-29 23:22:26.765 -0800,863181
S_IQVIA_HDSC_MTHLY_BNDRYCD_PRODAK10_TRANS_DCATG_SPCL_SUM,2025-01-29 23:23:26.209 -0800,59093
S_IQVIA_HDSC_MTHLY_BNDRY_ORGACRO_PCMDTY_FORM_STRNT_SUM,2024-12-18 04:27:06.706 -0800,0
S_IQVIA_HDSC_MTHLY_BNDRY_PROD_SPCL_CLIENT_DDDOSE_RNG,2025-01-29 21:57:36.320 -0800,1205400
S_IQVIA_HDSC_MTHLY_PCMDTY_CHNL_SUM,2024-12-24 12:18:47.977 -0800,0
S_IQVIA_HDSC_MTHLY_SW_PRODAK5_SOBAK2_SUM,2024-12-20 14:47:05.918 -0800,0
S_IQVIA_HDSC_ORG_CNTCT_LOC,2024-12-15 20:55:11.517 -0800,38933
S_IQVIA_HDSC_PROML_AUDS_CATG,2025-11-10 13:35:49.535 -0800,12
S_IQVIA_HDSC_PROML_CTCT_PRMTR_QLTY_RTNG,2025-11-10 13:40:17.631 -0800,25
S_IQVIA_HDSC_PROML_DETLG_SUCC_CATG,2025-11-10 13:35:21.098 -0800,895
S_IQVIA_HDSC_PUR_CNTRCT,2025-01-14 21:22:29.281 -0800,52909289
S_IQVIA_HDSC_QTRLY_BNDRYAK7_RXER_PRODAK8_SOB_SUM,2024-12-18 04:54:16.093 -0800,0
S_IQVIA_HDSC_TM_PD_BNDRYAK5_MEDPRO_TYP_SPCL_SUM,2025-10-28 23:28:45.920 -0700,1826
S_IQVIA_HDSC_TM_PD_PRODAK11_SRVY_SUM,2025-10-28 22:08:20.484 -0700,11576
S_IQVIA_TTMS_IQV_JPM_ARCH,2024-12-18 05:11:18.262 -0800,0
S_KIMURAJOHO_TDM_EVM_WEBCONF_KIT,2024-12-18 04:27:09.449 -0800,0
S_M3_TDM_DGM_MSG_OLD,2024-12-18 04:27:07.254 -0800,0
S_MDM_MEDCNL_PROD_ALT_NM,2024-12-18 05:23:18.345 -0800,0
S_MSS_TCM_INST_CNV,2024-12-30 01:17:48.053 -0800,0
S_MSS_TDM_PRC_NHI_PRICE,2024-12-30 01:17:48.140 -0800,0
S_NHS_CLNCL_CMIS_GRP_SCT,2024-12-18 04:40:18.139 -0800,18
S_NMO_TDT_DGM_NMO_MOVIE,2024-12-18 04:49:18.321 -0800,0
S_SAP_ELSA_FACT_MD_BUS_RESPO,2025-11-11 17:56:16.095 -0800,1822326562
S_SAP_ELSA_MD_DS_CTRLNG_AREA_H2R,2025-10-10 16:25:39.832 -0700,26080
S_SAP_ELSA_O2C_SD_ORD_H2R,2025-11-10 23:05:58.304 -0800,648919813
S_THIRD_PARTY_HIRA_MKT_DATA_ATC,2024-12-18 05:23:17.185 -0800,0
S_THIRD_PARTY_HIRA_MKT_DATA_BNDRY,2024-12-18 04:57:06.630 -0800,0
S_VAULT_POSITIVE_NEGATIVE_LIST,2025-07-10 18:55:02.651 -0700,101
S_VEV_EM_EVENT_SPEAKER,2025-11-11 17:10:45.424 -0800,106567
S_VEV_EM_SPEAKER_QUALIFICATION,2025-11-10 17:25:05.043 -0800,4901
S_IQVIA_HDSC_MTHLY_ACAK7_PROD_PCMDTY_GRP_BNDRY_MVST_SUM,2025-10-29 08:09:00.388 -0700,88675
S_IQVIA_HDSC_MTHLY_BNDRY_PCMDTY_MVST_SUM,2025-10-27 10:40:28.592 -0700,5446301
S_IQVIA_HDSC_MTHLY_RXER_PRODAK8_SOB_SUM,2024-12-18 04:54:16.093 -0800,0
S_IQVIA_HDSC_MVST_TYP,2025-10-29 08:06:34.140 -0700,32
S_IQVIA_HDSC_OAC,2025-11-10 14:04:06.232 -0800,534975
S_IQVIA_HDSC_OTHR_INDCTN_FOR_USE_CATG,2025-10-17 18:29:09.452 -0700,1657
S_IQVIA_HDSC_PROML_CNTNT_QLTY_RTNG_RSN_CATG,2025-10-20 14:19:00.887 -0700,14
S_IQVIA_HDSC_PROML_CTCT_CUR_PSCRNG_FREQ_CATG,2025-11-10 13:35:34.607 -0800,42
S_IQVIA_HDSC_PUR_REQ,2024-12-15 20:54:49.711 -0800,7915592
S_IQVIA_HDSC_TM_PD_ORGAK6_PCMDTYAK28_SUBSTNAK2_SUM,2025-11-07 08:58:17.924 -0800,2661411
S_IQVIA_HDSC_TM_PD_PRODAK5_FRMLRY_REIMBMNT_CATG_SOBAK2_RECUR_GRP_SUM,2024-12-20 15:19:15.673 -0800,0
S_IQVIA_HDSC_TM_PD_SW_PRODAK5_FRMLRY_REIMBMNT_CATG_SOBAK2_SUM,2024-12-20 15:47:08.165 -0800,0
S_JDNHINET_TCT_LATEST_DELIV_PRC,2024-12-30 01:35:08.072 -0800,0
S_MDM_PROD_GRP,2025-11-11 00:21:24.777 -0800,119044
S_MSS_TDM_INST_DR_TGT,2024-12-30 01:17:45.889 -0800,0
S_MSS_TDM_SUBBU,2024-12-30 01:17:48.125 -0800,0
S_MSS_TDM_USR_WS_TARGET,2024-12-30 01:17:45.837 -0800,0
S_NHS_PAT_BND_SCT,2025-10-22 03:08:14.414 -0700,14160
S_NHS_PRAC_LOC_SC,2025-11-04 04:09:12.177 -0800,55389
S_NMO_TDM_EVM_WEBCONF_NMO,2024-12-18 04:49:18.321 -0800,0
S_SAP_CNTRCT_BILL_PLAN_OVRVW_AMSMASOBI,2025-11-11 08:10:06.226 -0800,1298955
S_SAP_ELSA_COPA_TD_CCN,2025-11-11 20:06:16.057 -0800,1588462418
S_SAP_ELSA_H2R_AUTH_DETAILS,2025-11-11 15:10:43.808 -0800,131854618
S_SAP_FSR_OVRVW_WITH_RVNU_AMSMABPD,2025-11-11 08:05:57.322 -0800,209357931
S_SAP_FSR_OVRVW_WITH_RVNU_AMSMACONT,2025-11-11 08:08:32.993 -0800,35511185
S_SAP_TDM_USR_MDC_CUR_RATE_MAP,2024-12-18 04:26:08.258 -0800,0
S_SFMC_CAMPAIGN_INPUT,2025-11-11 19:15:18.652 -0800,51195675
S_SFMC_SENDLOG_BAYER,2025-11-11 13:52:47.053 -0800,8990704
S_THIRD_PARTY_EMAIL_NEWSLETTER_DATA_ALL_TIMES,2024-12-18 05:23:18.347 -0800,26665
S_THIRD_PARTY_HIRA_MKT_DATA_BNDRY_ASSC,2024-12-18 05:23:18.475 -0800,0
S_THIRD_PARTY_MKT_DATA_SCHWAB_ADDR,2024-12-18 04:27:18.309 -0800,0
S_ULTMARC_TDM_PREF,2024-12-30 01:17:45.871 -0800,0
S_VAULT_IMCM_MESSAGE_TOPIC,2025-08-04 18:53:10.255 -0700,176
S_VEEVA_TMMS_CRM_INST_TRRTRY,2024-12-30 01:12:18.028 -0800,0
S_VEV_CALL_OBJECTIVE,2025-11-10 17:47:13.777 -0800,124224
S_VEV_CONTENT_DOCUMENT_LINK,2025-11-11 17:22:46.581 -0800,2787980
S_VEV_INVENTORY_ORDER,2025-11-11 17:10:35.149 -0800,35
S_VEV_LOT_CATALOG,2024-12-18 04:57:15.862 -0800,0
S_VEV_MC_CYCLE_PLAN,2025-11-11 17:06:23.869 -0800,2016063
S_VEV_MULTICHANNEL_CONSENT,2025-11-11 17:38:39.960 -0800,100047793
S_VEV_SAMPLE_LOT,2025-11-11 17:21:58.703 -0800,163722
S_VEV_SAMPLE_RECEIPT,2025-11-11 17:17:14.289 -0800,25854
S_VEV_STAKEHOLDER_PUBLICATION,2024-12-18 04:57:06.817 -0800,0
S_VEV_SURVEY,2025-11-11 17:34:52.741 -0800,29423
S_VEV_SURVEY_TARGET,2025-11-11 17:08:47.364 -0800,17345279
S_VEV_TERRITORY_HIST,2024-12-20 21:14:17.976 -0800,23202
S_IQVIA_HDSC_MTHLY_BNDRYAK7_PRODAK10_SUM,2025-10-16 06:43:22.437 -0700,430980
S_IQVIA_HDSC_MTHLY_PCMDTYAK21_CHNLAK2_SUM,2024-12-24 22:39:05.550 -0800,1776891
S_MSS_TCM_INST,2024-12-30 01:17:45.952 -0800,0
S_VEV_ACTION_ITEM,2025-11-11 17:05:10.907 -0800,76170
S_VEV_CALL2_CLONE,2024-12-18 04:53:09.172 -0800,77120863
S_VEV_CALL2_SAMPLE,2025-11-11 17:10:42.374 -0800,1370819
S_VEV_MULTICHANNEL_CONTENT,2025-11-11 17:32:01.528 -0800,76
S_VEV_VEEVA_TRANSLATION,2025-11-10 17:36:59.042 -0800,54051451
FIA_STD_PH_MKTG_PLD_WEB,2024-12-18 04:53:18.076 -0800,0
STG_REF_TARGETS_GB,2024-12-18 04:27:16.261 -0800,0
S_ALN_MC_CYCLE_PLAN_TARGET,2025-11-11 17:42:56.488 -0800,59148017
S_CON_CONCUR_INBOUND,2025-11-11 14:12:38.070 -0800,769116
S_EXTA_IMCM_PH_UNSUBS,2025-11-11 13:52:56.998 -0800,8432
S_GERS_GER_NBRX_TYPEPERIODE_TOT_FRREG,2024-12-29 23:51:18.045 -0800,4023100
S_GERS_GER_SAL_NAT_DOMTOM_QUANTI_QUALI,2025-10-22 16:30:09.941 -0700,101568
S_GERS_GER_SAL_NAT_HOSPITAL_QUANTI_PAY,2025-10-21 15:43:39.568 -0700,1
S_AKT_SUGGESTION_DATA_TABLE_UAT,2024-12-30 05:30:55.598 -0800,1363089
S_ALN_FOOTPRINT,2025-09-15 18:59:04.806 -0700,44284
S_BERGAPOTHEKE_BERGAPOTHEKE_SALES,2024-12-19 02:26:55.528 -0800,41556
S_CVENT_BUDGETITEM_GRATUITY,2025-11-11 11:58:05.279 -0800,746755
S_EXTA_IMCM_PH_SENT,2025-11-11 13:52:46.352 -0800,9944010
S_GERS_GER_SAL_NAT_DOMTOM_QUANTI_QUALI_COMPLEMENT,2025-10-22 16:31:03.657 -0700,101568
S_GERS_GER_SAL_NAT_DOMTOM_QUANTI_REFUND_RATE,2025-10-22 16:31:15.500 -0700,5
S_GERS_GER_SAL_NAT_HOSPITAL_QUANTI_QUALI,2025-10-21 15:42:51.773 -0700,16063
S_GERS_GER_SAL_NAT_MIXT_QUANTI_LBTY,2025-10-21 15:42:24.945 -0700,320
S_GERS_GER_SAL_NAT_MIXT_QUANTI_QUANTI_COMPLEMENT,2025-10-21 15:45:28.721 -0700,1756199
S_GERS_GER_SAL_NAT_OFFICINE_QUANTI_REFUND_RATE,2025-10-20 15:39:59.045 -0700,5
S_IQVIA_HDSC_CLIENT_AC_SALE_ALLOC,2024-12-18 04:27:08.981 -0800,0
S_IQVIA_HDSC_CNCMTNC_SUBSTN,2024-12-26 07:02:58.025 -0800,19852881
S_IQVIA_HDSC_LTH_SEQ,2025-10-28 21:19:54.877 -0700,34
S_IQVIA_HDSC_MTHLY_AC_TYPAK2_CORP_OWN_ORGAK6_PRMTR_ORGAK6_PCMDTYAK25_SPCLAK2_PROM_DETL,2024-12-18 04:27:09.216 -0800,697020
S_IQVIA_HDSC_MTHLY_PCMDTYAK17_SUM,2025-10-30 14:08:49.204 -0700,4924726
S_EURYDICE_LCL_CNTRCT_GRP,2025-11-10 23:50:08.274 -0800,242
S_GA_SESSIONS_CUSTOM_VARIABLE,2024-12-30 04:57:58.221 -0800,0
S_GERS_GER_ORIGIN_XARELTO,2024-12-24 16:42:07.989 -0800,2090122
S_GERS_GER_SAL_NAT_DOMTOM_QUANTI_CLAS_ATC,2025-10-22 16:29:12.978 -0700,15649
S_GERS_GER_SAL_NAT_HOSPITAL_QUANTI_GRP_LBTY,2025-10-21 15:42:23.547 -0700,278
S_GERS_GER_SAL_NAT_HOSPITAL_QUANTI_INDICATEUR_BIOSIMILAIRE_BIOREFERENT,2025-10-21 15:44:15.928 -0700,3
S_GERS_GER_SAL_NAT_HOSPITAL_QUANTI_PHMCL_FORM,2025-10-21 15:47:25.047 -0700,291
S_GERS_GER_SAL_NAT_MIXT_QUANTI_GRP_LBTY,2025-10-21 15:45:31.822 -0700,312
S_GERS_GER_SAL_NAT_MIXT_QUANTI_PRESN,2025-10-21 15:47:32.389 -0700,37604
S_GERS_GER_SAL_NAT_OFFICINE_QUANTI_LBTY_HIST,2025-10-20 15:41:40.932 -0700,1467906
S_INTERNAL_DE_EXTL_DLR_SALES_DATA_PCMDTY,2025-06-12 01:54:29.459 -0700,47
S_IQVIA_HDSC_CHNL_ASSC,2025-10-17 06:58:10.405 -0700,7
S_IQVIA_HDSC_CLIENT_AC_SALE_ALLOC_CHG,2024-12-18 04:27:08.982 -0800,0
S_IQVIA_HDSC_MAIL_MTRL_TOPIC_CATG,2025-11-03 05:54:00.442 -0800,6
S_IQVIA_HDSC_MAT_PRODAK9_AGE_GRP_MEAS_SUM,2025-10-27 11:24:59.387 -0700,992512
S_IQVIA_HDSC_MTHLY_AC_BNDRYAK4_RGMN_PROD_SWF_RGMN_PROD_SPCLAK6_RGMN_SOBAK2_SUM,2024-12-18 04:27:18.260 -0800,0
S_IQVIA_HDSC_MTHLY_AC_REAL,2024-12-18 04:27:06.783 -0800,0
S_IQVIA_HDSC_MTHLY_AC_TYPAK2_AC_CATGAK2_ORGAK6_PCMDTYAK27_MVST_SPCLAK2_SUM,2025-10-22 14:02:10.300 -0700,7365451
S_IQVIA_HDSC_MTHLY_AC_TYPAK2_PRMTRAK6_PRODAK15_ATC_SPCLAK2_CLINSTDY_PROM_DETL,2024-12-18 15:32:05.541 -0800,22344
S_IQVIA_HDSC_MTHLY_BNDRYAK4_MKTAK5_PRODAK5_SPCLAK3_SOBAK2_RX_FILL_TYP_SUM,2024-12-18 05:07:15.794 -0800,50909
S_IQVIA_HDSC_MTHLY_BNDRYNM_PCMDTYNM_STRNT_SPCLNM_SUM,2024-12-18 04:27:06.710 -0800,0
S_IQVIA_HDSC_MTHLY_BNDRYNM_PRODNM_SOB_TYP_SUM,2024-12-18 04:50:16.600 -0800,130828
S_IQVIA_HDSC_MTHLY_BNDRY_PROD_RX_ORIGNTN_SUM,2024-12-18 04:27:06.709 -0800,10431480
S_IQVIA_HDSC_MTHLY_LHANML_BNDRYNML_PPCMDTYNM_SUM,2025-11-05 21:27:54.915 -0800,421462
S_IQVIA_HDSC_MTHLY_ORGNM_SUM,2024-12-18 04:27:08.899 -0800,0
S_IQVIA_HDSC_MTHLY_PCMDTY_CHNLAK2_HLTHCARE_PLN_SUM,2025-10-10 11:17:37.126 -0700,5203136
S_IQVIA_HDSC_MTHLY_PCMDTY_DLVRBL_DETL,2025-01-29 23:10:28.563 -0800,3095
S_IQVIA_HDSC_MTHLY_PGRP_PCMDTY_DLVRBL_DETL,2025-01-29 21:58:46.826 -0800,106430
S_IQVIA_HDSC_MTHLY_PRODAK5_SOBAK2_AGE_GRP_SUM,2024-12-20 14:47:05.890 -0800,0
S_IQVIA_HDSC_MTHLY_PRODAK5_SOBAK2_SUM,2024-12-20 14:47:05.846 -0800,0
S_IQVIA_HDSC_PANEL_MBR_CATG,2025-10-09 14:37:23.885 -0700,2
S_IQVIA_HDSC_PCMDTY_INGRD_NM,2025-11-06 12:24:05.485 -0800,1888670
S_IQVIA_HDSC_PROML_CHNL_GRP_TYP,2025-11-10 13:35:00.013 -0800,373
S_IQVIA_HDSC_SALES_REP_EMAIL_SNT_CATG,2025-11-10 13:39:35.467 -0800,17
S_IQVIA_HDSC_TM_PD_BNDRYAK2_BNDRY2AK2_PCMDTYAK4_SUM,2025-10-17 10:30:15.358 -0700,725561
S_IQVIA_HDSC_TM_PD_BNDRYAK2_PCMDTYAK23_SPCLAK2_GENDER_AGE_GRP_RX_ORIGNTN_CATG_SUM,2025-11-05 23:21:14.122 -0800,35418730
S_IQVIA_HDSC_TM_PD_BNDRYAK2_PRODAK5_SOBAK2_SUM,2024-12-20 15:23:07.972 -0800,0
S_IQVIA_HDSC_TM_PD_BNDRYAK4_AC_TYPAK2_ORGAK6_PCMDTY_CHNLAK2_SUM,2025-11-03 19:04:54.466 -0800,2027591
S_IQVIA_HDSC_TM_PD_PRODAK16_SUM,2024-12-18 05:03:06.224 -0800,21100
S_IQVIA_HDSC_WKLY_BNDRYAK2_PCMDTYAK23_SUM,2025-02-05 09:11:35.803 -0800,1685327
S_IQVIA_HDSC_WKLY_BNDRY_AC_TYP_PRMTR_DISTR_MKT_SUM_CATG_PCMDTY_SUM,2024-12-18 04:53:08.979 -0800,0
S_KEY_MESSAGE_ACTIVITY_JPC,2024-12-18 04:50:16.583 -0800,0
S_MSS_TCM_INST_AGGR,2024-12-30 01:17:45.973 -0800,0
S_MSS_TCM_ITEM_ORG,2024-12-30 01:17:48.142 -0800,0
S_MSS_TCM_ITEM_SUBBU,2024-12-30 01:17:45.899 -0800,0
S_SAP_ELSA_MD_DS_CNTRY_H2R,2025-10-27 17:46:20.881 -0700,6390
S_SAP_ELSA_MD_DS_RGNL_HRCHY_PH_H2R,2025-10-10 16:25:28.281 -0700,135068
S_SAP_ELSA_MD_FACT_VAL_TYP_H2R,2025-11-11 15:09:35.663 -0800,6389
S_SAP_FSR_DETL_AMSMADISC,2025-11-11 08:06:58.221 -0800,32158021
S_VEV_EM_EVENT_BUDGET,2025-11-11 17:09:33.008 -0800,100401
S_VEV_FOCUS_AREA,2025-09-08 18:28:01.891 -0700,118310
S_GERS_GER_SAL_NAT_HOSPITAL_QUANTI_PRESN,2025-10-21 15:45:22.701 -0700,16198
S_GERS_GER_SAL_NAT_OFFICINE_QUANTI_ADMN_RTE,2025-10-20 15:41:42.205 -0700,65
S_GERS_GER_SAL_NAT_OFFICINE_QUANTI_PHMCL_FORM,2025-10-20 15:36:17.615 -0700,291
S_IQVIA_HDSC_MTHLY_AC_BNDRYAK4_PRODAK5_SPCLAK6_DOT_SUM,2024-12-18 04:27:18.272 -0800,0
S_IQVIA_HDSC_MTHLY_BNDRY_MKT_PGRP_CHNL_SUM,2024-12-20 07:01:58.018 -0800,1591580
S_IQVIA_HDSC_MTHLY_ORGNM_PCMDTYAK14_FCN_SPECLSM_TYPNM_SUM,2025-10-29 08:34:35.369 -0700,9427823
S_IQVIA_HDSC_PROML_DETLG_VIDEO_PLTFM_TYP,2025-11-10 13:37:05.603 -0800,7
S_IQVIA_HDSC_QTRLY_BNDRYAK5_PCMDTYAK22_MED_CLAS_SPCLAK2_SUM,2024-12-18 04:49:16.370 -0800,1114348
S_IQVIA_HDSC_QTRLY_PCMDTYAK17_CHNLAK2_SUM,2024-12-30 04:01:58.018 -0800,186802
S_IQVIA_HDSC_SFORCE,2025-10-16 02:53:25.702 -0700,123
S_IQVIA_HDSC_SFORCE_BNDRY_ASGN,2025-10-16 03:03:53.017 -0700,868
S_IQVIA_HDSC_TM_PD_BNDRYAK2_PRODAK5_SOBAK2_RECUR_GRP_SUM,2024-12-20 15:19:08.031 -0800,0
S_IQVIA_HDSC_TM_PD_CATG_PRODAK5_SPCLAK4_SUM,2024-12-30 10:24:45.548 -0800,1884
S_IQVIA_HDSC_WKLY_PROVDNG_OAC_RECV_OAC_PROD_PCMDTY_GRP_SUM,2025-11-06 12:19:43.708 -0800,16027928
S_MDM_MEDCNL_PROD,2025-10-29 01:21:24.839 -0700,549023
S_MDM_MEDCNL_PROD_ID,2025-10-29 01:21:23.844 -0700,107760
S_MSS_TCM_SALES_ORG,2024-12-30 01:17:45.846 -0800,0
S_PW_ATTENDEE,2024-12-18 05:23:09.315 -0800,0
S_SAP_CNTRCT_OVRVW_AMSMACONT,2025-11-11 08:08:43.247 -0800,20422761
S_SAP_ELSA_MD_DS_CMPNY_CD_H2R,2025-11-06 15:10:32.091 -0800,60689
S_SAP_ELSA_MD_DS_DISTRBN_CHNL_H2R,2025-11-10 17:09:16.470 -0800,84773
S_SAP_ELSA_O2C_SD_BILLNG_DOC_H2R,2025-11-10 22:31:10.553 -0800,465092478
S_SAP_SDB_PI,2025-11-11 15:27:13.918 -0800,10143960
S_SEVERAL_DATA_FEEDS_AC,2024-12-30 10:46:05.564 -0800,90
S_SFMC_CAMPAIGN_SUPPRESSION_REPORT,2024-12-18 04:25:08.068 -0800,0
S_THIRD_PARTY_MKT_DATA_SCHWAB_CHNL,2024-12-18 04:50:18.653 -0800,0
S_VAULT_CAMPAIGN,2025-04-08 05:03:06.916 -0700,25
S_VAULT_IMCM_CRM_PRODUCT,2025-11-03 17:02:26.860 -0800,150849
S_VAULT_INDICATION,2025-07-04 18:44:10.984 -0700,1144
S_VEV_ACCOUNT_TEAM_MEMBER,2025-11-11 17:10:30.871 -0800,47932
S_VEV_BPH_RESTRICTED_WORD_NOTIFICATION,2025-11-11 17:16:26.764 -0800,2024052
S_VEV_CALL2,2025-11-11 17:32:25.870 -0800,136437999
S_VEV_CONSENT_LINE,2025-11-11 17:24:17.349 -0800,4170
S_VEV_EM_EVENT_HISTORY,2025-11-11 17:06:54.842 -0800,1055295
S_VEV_KEY_MESSAGE,2025-11-11 17:12:07.695 -0800,759088
S_VEV_MC_CYCLE_PLAN_SUMMARY,2025-11-11 17:25:56.176 -0800,12478948
S_VEV_MY_SETUP_PRODUCTS,2025-11-11 17:24:01.463 -0800,2183292
S_VEV_PLAN_TACTIC,2025-11-11 17:21:22.584 -0800,45478
S_VEV_QUESTION_RESPONSE,2025-11-11 17:16:43.327 -0800,166332847
S_VEV_SAMPLE_TRANSACTION,2025-11-11 17:20:48.774 -0800,2447971
S_VEV_SENT_MESSAGE,2025-11-11 17:12:36.870 -0800,6495
S_VEV_STAKEHOLDER_CLINICAL_TRIAL,2025-11-11 17:22:20.543 -0800,16758
S_VEV_SURVEY_QUESTION,2025-11-11 17:24:00.101 -0800,221906
S_VEV_USER__LAST_SYNC,2025-11-11 17:12:46.775 -0800,5291004
S_IQVIA_HDSC_MTHLY_BNDRY_PROD_SUM,2025-01-23 04:45:16.029 -0800,3227085
S_IQVIA_HDSC_TRTMT_COND_CATG,2025-02-19 05:20:19.355 -0800,10
S_IQVIA_HDSC_WKLY_PCMDTYAK27_SUM,2025-10-22 22:50:13.881 -0700,374
S_SAP_ELSA_FACT_META_KEYFIGURE_RESTRICTIONS,2025-09-18 16:23:16.061 -0700,89186
S_SAP_TCT_DAILY_SLIP,2024-12-30 01:11:15.615 -0800,0
S_VEEVA_TMMS_CRM_ADDR_TRRTRY,2024-12-30 01:11:17.977 -0800,0
S_VEV_CALL_CLICKSTREAM,2025-11-11 17:18:29.967 -0800,7462357
S_VEV_EM_VENDOR,2025-11-11 17:04:57.606 -0800,38
S_VEV_CALL2_DISCUSSION,2025-11-11 17:28:05.428 -0800,32772261
