Analytics Layer,Status
DP_SUBNTNL_CLAIM,only in Snowflake
REP_GEO_TERRITORY_RAD,only in Snowflake
MAP_PROD_HIERARCHY_RAD_AU,only in Snowflake
FACT_SRVC_ACTY_PRODCTVTY,overlap
REF_JPC_IQVIA_TMMS_IQV_OTHER1,only in Snowflake
REP_CONTENT_ALL_CHANNEL_ACTIVITIES,only in Snowflake
REP_ACCOUNT_CONSENT_LATEST_MONTH_V3,only in Snowflake
REF_LTH_SEQ,overlap
DIM_O2C_SD_BILLNG_DOC,overlap
REF_JPC_IQVIA_TMMS_IQV_DDD_BRICKSHOP,only in Snowflake
REP_LOCAL_EVENTS_QT,only in Snowflake
REP_LOCAL_EVENTS,only in Snowflake
FACT_CONTRACT_LINE,overlap
REF_JPC_IQVIA_TMMS_IQV_CHANNEL,only in Snowflake
REP_APPROVED_EMAIL_MONTHLY_DATA_RAD,only in Snowflake
REF_SFDC_ACCOUNT_RAD_DE,only in Snowflake
FACT_ACCOUNT_CONSENT_MONTHLY,overlap
FACT_MTHLY_AC_TYP_CORP_OWNNM_PRMTRNM_PCMDTYAK13_CHNL_SPCL_PROM_DETL,overlap
BHP_PRODUCT_MASTERDATA__THIRD_PARTY,only in Snowflake
FACT_MTHLY_AC_CATG_PCMDTY_CHNL_SUM,overlap
REF_JPC_IQVIA_TMMS_IQV_BU,only in Snowflake
REP_APPROVED_EMAIL_YEARLY_DATA_WITH_CORE_MESSAGE_EMAIL,only in Snowflake
REP_APPROVED_EMAIL_BASE_WITH_CORE_MESSAGE_V2,only in Snowflake
DIM_JPC_PRD,only in Snowflake
REF_PROML_DETLG_SUCC_CATG,overlap
DIM_APPROVED_DOCUMENT,overlap
TERRITORY_STRUCTURE_MK_V2__NEU,only in Snowflake
DIM_BUSINESS_FUNCTION,only in Snowflake
FACT_HALF_MTHLY_PCMDTY_PRC,overlap
MAP_DDD_BRICK_TERRITORY,only in Snowflake
FACT_MTHLY_PGRP_PCMDTY_DLVRBL_DETL,overlap
FACT_SPEAKER_PAYMENT,overlap
MAP_PROD_PCMDTY_GRP_BNDRY,overlap
QUARTERLY_DATA,only in Snowflake
FACT_MTHLY_BNDRY_PCMDTYAK23_SPCL_SUM,overlap
FACT_INVENTORY_ORDER,overlap
FACT_DAILY_BNDRYAK4_PCMDTYAK6_SUM,overlap
REF_RX_FILL_TYP,overlap
REP_ACTUAL_CALLS_V2_RAD,only in Snowflake
ULTMARC_TDM_DOC_MTI,only in Snowflake
REP_CP_EMAIL_NEWSLETTER_CORE_MESSAGE_SAT,only in Snowflake
REP_JOURNEY_ACTIVITIES_COMBINED_JOURNEYNONJOURNEY_V2,only in Snowflake
REP_MED_CAMPAIGN_TC_CMBND,only in Snowflake
FACT_GMDA_MONTHLY,overlap
CAMPAIGN_RESULTS_TABLE,only in Snowflake
FACT_MTHLY_BNDRYAK5_AC_TYPAK2_PCMDTY_SUM,overlap
BHC_0267_PH_PONDERACION_SEGMENTACION_DIGITAL__TIPOLOGIA,only in Snowflake
DIM_JOURNEY_ACTIVITY,overlap
MAP_TRANSLATION,overlap
FACT_WKLY_LLBNDRYNM_PPCMDTYNM_CHNL_SUM,only in Snowflake
MAP_BUSINESS_FUNCTION_KEY,overlap
SALES_CHANNEL_RAD_DE,overlap
REP_APPROVED_EMAIL_RAD_V2,only in Snowflake
FACT_TM_PD_ORGAK6_PCMDTYAK4_MED_CLAS_SOBAK3_SPCLAK3_MEDPRO_RX_TYP_SUM,overlap
MAP_CUST_PAR_RAD_UK,overlap
FACT_MTHLY_AC_TYPAK2_CORP_OWN_ORGAK6_PRMTR_ORGAK6_PCMDTYAK25_SPCLAK2_PROM_DETL_TO_BE_DELETED,only in Snowflake
KODY_1162_514_509_158_117__KODY_1162_514_509_158_117,only in Snowflake
FACT_MULTICHANNEL_ACTIVITY,overlap
REF_JPC_IQVIA_TMMS_IQV_INST_SEG,only in Snowflake
MAP_BNDRY_AC_CHG,overlap
FACT_MTHLY_AC_TYPAK2_PCMDTYAK20_SPCLAK2_GENDERAK2_AGE_SUM,only in Snowflake
REP_KEY_MESSAGE_ACTIVITY_CORE_MESSAGE_TOPIC_YEAR,only in Snowflake
ZI_BASIS_BAYER_MK2,only in Snowflake
FACT_TM_PD_RGMN_SUBSTN_DIAG_COND_SOB_SUM,overlap
REP_MEDICAL_ENTRY_GATE,only in Snowflake
REP_CUSTOMER_SUBNTNL_DAILY_EQUP_ACTY_MOD_VC_ELIGY_RAD,only in Snowflake
REP_ACCOUNT_CONSENT_LATEST_MONTH_RAD,only in Snowflake
DIM_ACCOUNT_PLAN_OBJECTIVE,overlap
FACT_MTHLY_PCMDTY_BNDRYNM_CHNL_NM_SUM,overlap
DIM_EVENT_PAYMENTS,overlap
MAP_CUST_SUCSR_RAD_DE,overlap
REP_BRAND_ACTIVITY_INTERACTIONS_FACTCYCLEPLAN_BASE,only in Snowflake
DIM_SFORCE,overlap
DIM_GMDA_POPULATION,overlap
REP_INTERNAL_CUSTOMER_MASTER,only in Snowflake
SAP_VS_ZINDEX,only in Snowflake
FACT_WKLY_PROVDNG_OAC_RECV_OAC_PROD_PCMDTY_GRP_SUM,overlap
FACT_MTHLY_AC_TYP_ENGMNT_ORG_PRODNM_PROD3_INGRD_SPCL_PROM_DETL,overlap
SCHWABS_RLS_RAD_DE,overlap
MAP_AC_SALE_ALLOC_ERR,overlap
BHC_0267_PH_CUENTAS_CLAVE_AREA_SANITARIA__AREAS,only in Snowflake
REP_EMAIL_NEWSLETTER_UAT,only in Snowflake
SECTO_KAM,only in Snowflake
MAP_CLIENT_AC_SALE_ALLOC_CHG,overlap
COUNTRY_BRAND_MAPPING,only in Snowflake
FACT_DAILY_WHSLR_CUST_PROD_SECDY_SALE_SUM_NZ,only in Snowflake
REP_ACCOUNT_CONSENT_HIST_RAD_POC,only in Snowflake
REF_PROML_ENGMNT_TYP,overlap
REF_JPC_MSS_TDM_INST_TGT_YM_FIX,only in Snowflake
REP_MCCP_NON_AGGREGATED_DATA_V2,only in Snowflake
INT_FACT_MTHLY_PCMDTYAK18_CHNLAK2_SPCLAK2_SUM,only in Snowflake
FACT_MTHLY_BNDRY_AC_TYP_SUM,overlap
MAP_CUST_PAR_RAD_RU,only in Snowflake
MDS_COMMERCIALREGION,only in Snowflake
EOL_REF_FILE_EOX_DATES,only in Snowflake
REF_ORG_ROLE,overlap
BHC_0267_PH_NOMBRE_LINEAS__LINEA,only in Snowflake
FACT_CLM_PRESENTATION,overlap
REP_JOURNEY_ACTIVITIES_COMBINED_JOURNEYNONJOURNEY,only in Snowflake
DIM_VAULT_CORE_MESSAGES,overlap
FACT_MTHLY_PRODAK11_SOBAK2_TRTMT_COND_CATG_LTH_SEQ_SUM,overlap
MAP_PRODUCT_VOL_CONV_FACTOR,only in Snowflake
REF_CLINSTDY_PHASE,overlap
REP_APPROVED_EMAIL_YEARLY_DATA_WITH_CORE_MESSAGE_CM,only in Snowflake
INT_DIM_BNDRY,only in Snowflake
FACT_SFMC_CAMPAIGN_INPUT,only in Snowflake
REF_OTHR_INDCTN_FOR_USE_CATG,overlap
IQVIA_BUDGET,only in Snowflake
REP_JOURNEY_ACTIVITIES_COMBINED_ADOPTIONSEGMENT_V2,only in Snowflake
REP_CUSTOMER_MAP_GEO_SERVICE_TERRITORY_RAD,only in Snowflake
REP_MED_JOURNEY_EVENTS_ACTIVITY,only in Snowflake
BRIEF_DOC_CEC,only in Snowflake
FACT_MTHLY_AC_TYPAK2_PCMDTY_SPCLAK2_GENDERAK2_AGE_SOBAK2_COPAY_SUM,overlap
REP_EMAIL_NEWSLETTER_CONTENT_EFFECTIVENESS_V2,only in Snowflake
REF_DATA_MSK,overlap
OBJECTIVES_FILES,only in Snowflake
FACT_WKLY_MKT_SUM_CATG_SUM,overlap
REP_MEDICAL_APPROVED_EMAIL,only in Snowflake
FACT_MEDICAL_INSIGHT,overlap
FACT_MTHLY_BNDRYCD_PCMDTY_TRANS_DCATG_SPCL_SUM,overlap
REF_JPC_IQVIA_TMMS_IQV_PRODUCT_FILTER,only in Snowflake
MSS_TMMS_ORG_SALES_PLAN,only in Snowflake
FACT_MTHLY_AC_BNDRYAK4_RGMN_PROD_PRODAK5_SPCLAK6_RGMN_SOBAK2_PROD_SOBAK2_SUM,overlap
REP_E2E_SF_SENDING,only in Snowflake
DIM_EQUIPMENT,overlap
REP_F2F_AND_REMOTE_CALL_CYCLE_CN,only in Snowflake
FACT_TM_PD_BNDRYNM_PCMDTY_CLAIM_SUM,overlap
MONTHLY_DATA,only in Snowflake
MDS_DISTRIBUTOR,only in Snowflake
FACT_TM_PD_AGE_GRPAK4_GENDERAK2_MVST_TYP_DIAG_TRTMT_SUM,overlap
STRUTTURASCSFLAT__SHEET_1,only in Snowflake
MAP_CDIS_ACCOUNT_DETAIL,overlap
REF_JPC_IQVIA_TMMS_IQV_ST_BRICK,only in Snowflake
INT_DIM_PCMDTY,only in Snowflake
MAP_ACCOUNT_AFFILIATION,overlap
REP_ACTUAL_CALLS_BASE_V2_RAD,only in Snowflake
BHC_0267_PH_ESPECIALIDAD_POTENCIAL__HOJA1,only in Snowflake
DIM_SUBSTN,overlap
FACT_AC_GENDER_NM_AGE_GRP_BAND_PAT_CNT,overlap
REP_CUSTOMER_INTERACTION_CONSENT_RAD,only in Snowflake
REP_B360_CONTACT,only in Snowflake
FACT_TM_PD_BNDRYAK2_PRODAK5_SOBAK2_RECUR_GRP_SUM,overlap
IMS_BRICKS_LEVEL__SHEET1,only in Snowflake
FACT_CNTRCT_BILL_PLAN,overlap
REP_CUSTOMER_SUBNTNL_DAILY_INTR_SALE_GEO_HIERARCHY_RAD,only in Snowflake
BRIEF_DOC_TC,only in Snowflake
FACT_MTHLY_AC_TYPAK2_CORP_OWNAK6_PRMTRAK6_PRODAK15_ATC_CHC_CHNL_SPCLAK2_PROM_DETL,overlap
REF_PCMDTY_DETL_RX_CATG,overlap
REP_IN_MARKET_PERFORMANCE,only in Snowflake
BHC_0267_PH_AJUSTES_CUESTIONARIOS__PREGUNTAS_EXCLUIDAS,only in Snowflake
REF_JPC_ULTMARC_ULT_TABLE02,only in Snowflake
REP_MCCP_NON_AGGREGATED_DATA_POC_YR,only in Snowflake
DIM_PUR_REQ_RSPNS,overlap
MARKETFACTORWEEKLY__MARKETCONVERSION,only in Snowflake
MAP_ACCOUNT_HIERARCHY,overlap
BRICKS,only in Snowflake
MDM_CRONOS_ADJUSTMENTS,only in Snowflake
FACT_QTRLY_PRODAK5_MED_CLAS_SUM,only in Snowflake
DIM_CAMPAIGN,overlap
REF_JPC_ONHTTS_MTMS_TTS_PATIENT_REF,only in Snowflake
BHC_0267_PH_PONDERACION_SEGMENTACION_DIGITAL__2DA_PREGUNTA,only in Snowflake
FACT_APPROVED_EMAIL,overlap
REP_CUSTOMER_INTERACTION_SEGMENT_RAD,only in Snowflake
REF_JPC_IQVIA_TMMS_IQV_ATC,only in Snowflake
HWC_STGLOGDEL,only in Snowflake
ULTMARC_TDT_KGF_NRS_HP,only in Snowflake
REP_CUSTOMER_CHANNEL_INTERACTION_RAD_V2,only in Snowflake
MAP_MARKET_CLUSTER,only in Snowflake
REP_MCCP_NON_AGGREGATED_DATA_POC_CY,only in Snowflake
REP_JOURNEY_EVENTS_ACTIVITY,only in Snowflake
REP_JOURNEY_NEWSLETTER,only in Snowflake
REF_PANEL_MBR_CATG,overlap
MAP_PROD_HIERARCHY_RAD_NZ,only in Snowflake
FACT_TM_PD_PRODAK11_SRVY_SUM,overlap
FACT_YRLY_ACCNT_ADDR_CHNL_PROD_MKT_DATA_SCHWAB_SUM,overlap
REP_CONGRESS_DATA,only in Snowflake
DIM_DS_ASSC,overlap
MDS_MEASURES,only in Snowflake
MAP_PROD_LN_LIFE_CYCL_MOD_RAD_KR,overlap
REP_ACTUAL_CALLS_CD,only in Snowflake
REF_CMDTY_LCYC_TYP,overlap
DIM_HCO,only in Snowflake
REP_APPROVED_EMAIL_BASE_WITH_CORE_MESSAGE_EMAILS,only in Snowflake
ULTMARC_TDCM_ULT_DCF_INST_DR_HISTORY,only in Snowflake
FACT_MTHLY_AC_BNDRYAK4_PRODAK5_SPCLAK6_DOT_SUM,overlap
FACT_SECDY_SALE_RAD_PH,only in Snowflake
EOL_REF_FILE_PRD_LINE_CAT,only in Snowflake
BHC_0267_PH_PENETRACION__HOJA1,only in Snowflake
MSS_TDM_SAL_SA_SALESFORECAST,only in Snowflake
REP_SEGMENT_ACTIVATION_AND_IMPLEMENTATION,only in Snowflake
FACT_TM_PD_BNDRYNM_PCMDTY_SOB_TYP_SUM,overlap
REF_JPC_ONHTTS_MTMS_TTS_PATIENT_TG,only in Snowflake
GOPHER_PH_BANNER,only in Snowflake
MAP_FRAME_ASSC,overlap
REF_FRMLRY_REIMBMNT_CATG,overlap
FACT_CALL2,overlap
REP_JOURNEY_SUGGESTION_ACTIVITY,only in Snowflake
REP_MSL_SENTIMENT_2,only in Snowflake
REF_PRODUCT_MAP_XREF,only in Excel
FACT_MTHLY_AC_TYP_ORGNML_PRODNML_ATC_SUM,overlap
BHC_0267_PH_CANALES_IMCM__HOJA1,only in Snowflake
BHC_0267_PH_AGRUPACION_ESPECIALIDADES__1ERPASO,only in Snowflake
REP_ACTUAL_CALLS_NEW_NORMAL_BASE,only in Snowflake
MAP_SFORCE_ASSC,overlap
FACT_APPROVED_EMAIL_FRAGMENT,overlap
REF_SALES_REP_EMAIL_SNT_CATG,overlap
FACT_MTHLY_BNDRYAK4_ORGAK6_ATC_SUBSTNAK2_CHNLAK2_REIMBMNT_SUM,overlap
REF_PCMDTY_BIOL_CLAS_TYP,overlap
JDNHINET_MDZ_FCLTY_ORG,only in Snowflake
FACT_SSALES_MONTHLY,only in Snowflake
FACT_BUDGETITEM_FINAL_COST,overlap
MAP_CUST_CHNL_DIV,overlap
FACT_CALL_OBJECTIVE,overlap
MDM_CDP_SAP_SHIPTO_VS_VEEVA,only in Snowflake
DIM_VAULT_DOCUMENT,overlap
DIM_KEY_MESSAGE,overlap
ULTMARC_TDM_MTI,only in Snowflake
TSA_PRODUCT,only in Snowflake
BAYER_MCM_BENCHMARK_REPORT__POST,only in Snowflake
MAP_GEOGRAPHY_HDSC_TR,overlap
DATABASECHANGELOG,only in Snowflake
REP_EMAIL_NEWSLETTER_WITH_EMAIL_NAME,only in Snowflake
DIM_SALUTATION_COCKPIT,only in Snowflake
FACT_MTHLY_BNDRYAK4_RGMN_PROD_SPCLAK6_RGMN_SOBAK2_GENDERAK2_AGE_SUM,overlap
FACT_MTHLY_AC_BNDRYAK4_PRODAK5_SPCLAK6_SOBAK2_DOSE_SUM,overlap
REP_MSL_CALLS,only in Snowflake
DIM_GOAL,overlap
FACT_MTHLY_BNDRYAK2_PRODAK5_SUM,overlap
FACT_MTHLY_BNDRYAK7_PRODAK5_SUM,overlap
FACT_MTHLY_BNDRYCD_PRODAK10_TRANS_DCATG_SSTDY_SUM,overlap
REP_MEDICAL_LOCAL_EVENTS,only in Snowflake
DIM_ATC,overlap
DIM_INTR_CUST,overlap
MARKETS,only in Snowflake
BHC_0267_PH_MAPEO_CANALES_IMPACTO__MAPEO_CANALES,only in Snowflake
BHC_0267_PH_CONSIDERACIONES_PFI__TARGET_PFI,only in Snowflake
DIM_PCMDTY,overlap
DIM_PRFT_CNTR,overlap
DIM_MEETING_NOZOMI,only in Snowflake
FACT_MARKET_SALES,overlap
SALES_REP_BRICK__VEEVA,only in Snowflake
FACT_MTHLY_BNDRY_PCMDTY_MVST_SUM,overlap
REP_KEY_MESSAGE_ACTIVITY_CORE_MESSAGE_MONTH,only in Snowflake
FACT_CALL_CLICKSTREAM,overlap
INT_DIM_CHNL,only in Snowflake
MAP_CNRTN_RAD,overlap
CHEMSUBSTANCE_SC,only in Snowflake
FACT_MTHLY_AC_TYPAK2_AC_CATGAK2_ORGAK6_PCMDTYAK27_MVST_SPCLAK2_SUM,overlap
DIM_DATE,overlap
DIM_O2C_SD_ORD_H2R,overlap
ULTMARC_TDT_MED_SHT_STY_OP,only in Snowflake
REP_APPROVED_EMAIL_YEARLY_DATA_WITH_CORE_MESSAGE_CATEGORY,only in Snowflake
FACT_MTHLY_SW_PRODAK5_SOBAK2_SUM,overlap
AE_NL_FR__APPROVED_EMAIL_NL,only in Snowflake
DIM_CONTACT,overlap
MAP_ACCOUNT_LIST,overlap
REF_MAPPING_FILE_RAD_SG,only in Snowflake
REP_MEDICAL_APPROVED_EMAIL_BASE_WITH_CORE_MESSAGE,only in Snowflake
REP_MCCP_NON_AGGREGATED_DATA_POC,only in Snowflake
REP_CP_GEOGRAPHICAL_HIERARCHY_FILTER_SAT,only in Snowflake
PRODUCT_LIST_CME,overlap
DP_CUSTOMER_SUBNTNL_RX,only in Snowflake
MASTER_STRUCTURES__MASTER_TAB,only in Snowflake
REF_JPC_ULTMARC_ULT_GAKKAI,only in Snowflake
INT_MAP_ORG_STRC,only in Snowflake
FACT_PO_ITEM,overlap
ULTMARC_TDT_KGF_GEN_HP,only in Snowflake
REP_ACCOUNT_CONSENT_HIST,only in Snowflake
REF_AGE_GRP,overlap
FACT_ACTL_BUDG_FCST,overlap
REF_JPC_JDNET_TCT_WSINV_FIX,only in Snowflake
FACT_KEY_MESSAGE_ACTIVITY,overlap
FACT_SAMPLE_ORDER_TRANSACTION,overlap
REF_OTC_PROD_CATG,overlap
REF_CPROF_CLAS_TYP,overlap
FACT_TM_PD_ATC_SUM,overlap
MAP_EVENT_ATTACHMENT,overlap
BNF_SC,only in Snowflake
REP_EOL_SALES_REV,only in Snowflake
REP_IMCM_EXCELLENCE,only in Snowflake
REP_ACTUAL_CALLS_CNDT_RAD,only in Snowflake
FACT_CONCUR_EXPENSE,overlap
REP_MED_JOURNEY_ACTIVITIES_ARCH_FUNNEL_CQ,only in Snowflake
MAP_PROD_LN_LIFE_CYCL_MOD_RAD_DE,overlap
MAP_CNCMTNC_SUBSTN,overlap
CONTACT_ACCOUNT_NANOBRICK,only in Snowflake
FACT_KEY_MESSAGE_ACTIVITY_JPC,only in Snowflake
FACT_QTRLY_PRODAK9_DIAG_MEDPRO_GENDER_MEAS_SUM,overlap
MDS_DISTRIBUTORMAP,only in Snowflake
MAP_GEO_TERRITORY_RAD_FR,overlap
BHC_0267_PH_AJUSTES_CUESTIONARIOS__BLOQUES,only in Snowflake
REF_PROML_MCOND_TYP,overlap
DIM_WS_ORG,only in Snowflake
REP_CP_EMAIL_NEWSLETTER_EMAIL_URL_SAT,only in Snowflake
DIM_CLM_PRESENTATION,overlap
FACT_SECDY_SALE_RAD_TH,overlap
REF_CURR_EXCH_RATE,overlap
FACT_CALL_JPC,only in Snowflake
MONTHLY_BAYER_BRICK_MASTER_DATA__BRICKSALESREPTEAM,only in Snowflake
FACT_TM_PD_PRODAK5_FRMLRY_REIMBMNT_CATG_SOBAK2_RECUR_GRP_SUM,overlap
FACT_EVENT_BUDGET,overlap
MAP_AC_SALE_ALLOC,overlap
REP_ACCOUNT_CONSENT_LATEST_MONTH,only in Snowflake
DIM_CNTL_AREA,overlap
REP_F2F_AND_REMOTE_CALL,only in Snowflake
DIM_METRIC_CONFIGURATION,overlap
REP_REACHED_BY_SEGMENT,only in Snowflake
REF_MEDPRO_TYP,overlap
DIM_AC_CHG,overlap
FACT_MTHLY_BNDRYAK2_MKT_GRPAK5_PRODAK5_SUM,overlap
REF_JPC_MSS_TKM_GEN_PURP_CD_GRP,only in Snowflake
REF_JPC_IQVIA_TMMS_IQV_PATDAY,only in Snowflake
REP_APPROVED_EMAIL_BASE_WITH_CORE_MESSAGE_CM,only in Snowflake
JDNHINET_MDN_FCLTY_B_WSORG,only in Snowflake
FACT_MTHLY_PCMDTY_CHNLAK2_HLTHCARE_PLN_SUM,overlap
REF_JPC_IQVIA_TMMS_IQV_PREFECTURE,only in Snowflake
REF_AC_TYP,overlap
REF_MTRL_TYP_RAD,only in Snowflake
INT_FACT_MTHLY_BNDRY_PCMDTY_CHNLAK2_SUM,only in Snowflake
BR_SURVEY_ACCOUNT_TERR_HIER,only in Snowflake
REP_MED_CAMPAIGN_TC_CMBND3_NON_DE,only in Snowflake
REP_BRAND360_SEGMENTATION,only in Snowflake
FACT_SALES_HDSC_NATIONAL_TR,only in Snowflake
REP_ACCOUNT_KAM,only in Snowflake
REP_INTERNAL_SALES,only in Snowflake
REP_APPROVED_EMAIL_BASE_WITH_CORE_MESSAGE,only in Snowflake
MAP_PROD_HIERARCHY_RAD_IT,only in Snowflake
MAP_PROD_ASSC,overlap
INT_DIM_LCL_CLAS,only in Snowflake
REP_B360_RX,only in Snowflake
ULTMARC_TDM_HOST_DIV,only in Snowflake
BV_REFERENCE_JP_MSS_TMMS_CRM_TRRTRY,only in Snowflake
INT_FACT_DAILY_PCMDTY_SUM,only in Snowflake
REP_LOCAL_MARKET_CA,only in Snowflake
FTE_COUNTS,only in Snowflake
MAPPING_PRODUCT_GROUPS,only in Snowflake
REP_ACTUAL_CALLS_CYCLES_COUNTRY_PART2,only in Snowflake
REP_CVENT_DATA,only in Snowflake
FACT_MTHLY_ORGNM_PCMDTYAK14_FCN_SPECLSM_TYPNM_SUM,overlap
BHC_0267_PH_AGRUPACION_PRODUCTOS__SHEET1,only in Snowflake
FACT_MTHLY_BNDRYAK5_PRODAK5_SW_RSLT_PRODAK5_SOBAK2_TRTMT_OUTCM_COND_CATG_SPCLAK4_TRANS_DCATGAK2_SUM,overlap
FACT_GMDA_GLOCON,overlap
CERTIFICATION_REPORT_QUESTION_MAPPING__QUESTION_MAPPING,only in Snowflake
REP_ACTUAL_CALLS_MT_RAD,only in Snowflake
MAP_PRODUCT_HIERARCHY,overlap
REP_BRAND_ACTIVITY_INTERACTIONS_EVENT_BASE,only in Snowflake
SCMD,only in Snowflake
MAP_VAULT_RELATIONSHIP,overlap
MDS_DISTRIBUTORTYPE,only in Snowflake
REP_ACCOUNT_CONSENT_WITHOUT_TH,only in Snowflake
DIM_MTRL,overlap
MAP_PROD_LN_LIFE_CYCL_MOD_RAD_NZ,only in Snowflake
FACT_MTHLY_BNDRYAK7_PCMDTY_FRMLRY_REIMBMNT_CATG_SUM,overlap
REP_BRAND_PRODUCT_ADOPTION_SEGMENT,only in Snowflake
ULTMARC_TDT_KGF_TUB_HP,only in Snowflake
FACT_MTHLY_LHANML_BNDRYNML_PPCMDTYNM_SUM,overlap
MAP_ACCOUNT_PLAN_KEY_STKHLDR,overlap
EOL_REF_FILE_REV_MODEL_MAPPING,only in Snowflake
ULTMARC_TDM_MED,only in Snowflake
DATABASECHANGELOGLOCK,only in Snowflake
FACT_MTHLY_ORG_PRODNM_CHNL_MT_PROM_SPEND_SUM,overlap
REP_APPROVED_EMAIL_CYCLES_RAD,only in Snowflake
FACT_SUGGESTION_TAG,overlap
FACT_MTHLY_BNDRYAK4_PCMDTYAK27_CHNLAK2_PROM_CATG_SUM,overlap
MDS_GEOREGIONSBUMAP,only in Snowflake
AE_NL_UK__APPROVED_EMAIL_NL,only in Snowflake
FACT_MTHLY_AC_BNDRYAK4_RGMN_PROD_SWF_RGMN_PROD_SPCLAK6_RGMN_SOBAK2_SUM,overlap
DIM_PERSONAL_CHANNEL,overlap
FACT_ACCOUNT_CONSENT_MONTHLY_UAT,overlap
REP_CUSTOMER_INTERACTION_ENGMNT_RAD,only in Snowflake
FACT_EDETAILING_CARENET,only in Snowflake
MAP_TERRITORY_HIERARCHY_V2,overlap
MDS_DISTRIBUTORBRANCHCITIES,only in Snowflake
FACT_QTRLY_PCMDTYAK4_SPCLAK3_SUM,only in Snowflake
MAP_EVENT_SPEAKER,overlap
REF_JPC_IQVIA_TMMS_IQV_PATDAY_COMBI,only in Snowflake
FACT_QTRLY_PRODAK11_MED_CLAS_SOBAK3_SPCLAK3_MEDPRO_RX_TYP_SUM,only in Snowflake
FACT_TM_PD_CATG_PRODAK5_SPCLAK4_SUM,overlap
REF_PROML_CNTNT_QLTY_RTNG,overlap
CONTROLLING_CALCUL_QTE__FEUIL1,only in Snowflake
REF_PROML_AUDS_CATG,overlap
FACT_SECDY_SALE_RAD_SG,only in Snowflake
REP_ICQ_SURVEY_V2,only in Snowflake
REP_EMAIL_NEWSLETTER_WITH_CORE_MESSAGE_TOPIC,only in Snowflake
BPN_TVT_DMP_ACCESS_LOG,only in Snowflake
2_SALES_OBJECTIVE__MAPEO,only in Snowflake
REFERENCE_JPC_VEEVA_TVT_CALL_DISCUSSION,only in Snowflake
DIM_ATTACHMENT,overlap
CPH_EXPOSED_BR_MAPPING,only in Snowflake
DP_SUBNTNL_RX,only in Snowflake
FACT_MTHLY_BNDRY_PCMDTY_CHNLAK2_SPCL_SUM,overlap
FACT_MTHLY_BNDRYAK4_SW_PRODAK5_SPCLAK3_SOBAK2_RX_FILL_TYP_PROD_MKT_GENDER_AGE_SUM,overlap
REP_ICQ_SURVEY_BASE,only in Snowflake
TSA_OUTLET_SALES_DELETES,only in Snowflake
REP_CUSTOMER_CHANNEL_INTERACTION_PIT_RAD,only in Snowflake
REP_EMAIL_NEWSLETTER_ACTIVITY_BASE,only in Snowflake
REFERENCE_JPC_VEEVA_TVT_CALL,only in Snowflake
FACT_DAILY_WHSLR_CUST_PROD_SECDY_SALE_SUM_RU,only in Snowflake
REF_PROML_ENGMNT_GRP_TYP,overlap
REP_CUSTOMER_SUBNTNL_YRLY_MKT_POTN_RAD,only in Snowflake
REP_ACCOUNT_MEDICAL_CONSENT,only in Snowflake
REP_APPROVED_EMAIL_CYCLES,only in Snowflake
MAP_TERRITORY_TARGET_ACCOUNT,overlap
ULTMARC_TDM_INST_CD,only in Snowflake
FACT_MTHLY_BNDRYAK4_MKTAK5_PRODAK5_SPCLAK3_SOBAK2_RX_FILL_TYP_SUM,overlap
REP_APPROVED_EMAIL_COMBINED_DETAIL_RAD,only in Snowflake
FACT_SUGGESTION_DETAIL_UAT,overlap
FACT_CAMPAIGN_SIMULATOR,overlap
REP_APPROVED_EMAIL_BASE_WITH_CORE_MESSAGE_CATEGORY,only in Snowflake
FACT_MTHLY_BNDRYAK7_ORGAK7_CHNL_SUM,overlap
REP_ACTUAL_CALLS_V2,only in Snowflake
BHC_0267_PH_AGRUPACION_ESPECIALIDADES__2OPASO,only in Snowflake
DIM_LCL_CNTRCT_CONTACT,overlap
REP_E2E_ADDRESS_BRICK,only in Snowflake
REF_JPC_IQVIA_TMMS_IQV_STRENGTH,only in Snowflake
REF_JPC_IQVIA_TTMS_IQV_CD_SPENDING,only in Snowflake
DIM_FRAME_DESC,overlap
MAP_PROD_HIERARCHY_RAD_GLOBAL,only in Snowflake
IMSPRODUCTMASTER__SAYFA1,only in Snowflake
REP_JOURNEY_EMAIL_NEWSLETTER_ACTIVITY,only in Snowflake
FACT_MTHLY_BNDRYAK7_PCMDTYAK23_SUM,overlap
FACT_APPROVED_EMAIL_ACTIVITY,overlap
MAP_NETWORK_BNDRY_RLTN,overlap
REP_CUSTOMER_SUBNTNL_DAILY_EQUP_CNTRCT_MOD_VC_ELIGY_RAD,only in Snowflake
FACT_MTHLY_BNDRYAK4_PRODAK5_SPCLAK3_SOBAK2_RX_FILL_TYP_GENDER_AGE_SUM,overlap
YEARLY_DATA,only in Snowflake
FACT_TM_PD_BNDRYAK2_ORGAK2_PRODAK11_MKT_PERF_SEGTN_SUM,overlap
FACT_PUR_CNTRCT_ITEM,overlap
BR_BRAND_LOOKUP,only in Snowflake
FACT_MTHLY_CORP_OWNAK6_PRMTRAK6_MKTAK5_PRODAK5_ATC_CHNLAK2_SPCLAK2_MED_CLASAK2_PROM_DETL,overlap
REP_APPROVED_EMAILS_ACTIVITY_FRAGMENT,only in Snowflake
REP_LOCAL_EVENTS_YR,only in Snowflake
MDM_PRODUCT_HIERARCHY,only in Snowflake
BRIEF_DOC_CONTENT,only in Snowflake
FACT_DAILY_WHSLR_CUST_PROD_SECDY_SALE_SUM_IT,overlap
DIM_OAC,overlap
INT_DIM_NFC_CLAS,only in Snowflake
MAP_PRODUCT_BRAND_MARKET,only in Snowflake
MDM_CDP_GEOGRAPHY_CT,only in Snowflake
BHC_0267_PH_GEOGRAFIA_MAPA__CCAA,only in Snowflake
FACT_MTHLY_CORP_OWNNM_PRMTRNM_PCMDTYAK13_CHNL_SPCL_MMEDIA_PROM_DETL,overlap
MAP_CUST_PAR_RAD_JP,overlap
REF_MEAS,overlap
FACT_HALF_MTHLY_BNDRYAK7_PCMDTY_CHNL_SUM,overlap
FACT_MTHLY_BNDRYCD_PRODAK10_TRANS_DCATG_SPCL_SUM,overlap
MAP_PROD_PCMDTY_GRP,overlap
REP_ICQ_SURVEY_AGG,only in Snowflake
SAP_ORDER_TYPES_RAD_DE,overlap
REP_E2E_CONSENT,only in Snowflake
REF_JPC_ONHTTS_MMMS_TTS_PATIENT_ITM,only in Snowflake
DIM_O2C_SD_DLVRY,overlap
REP_E2E_ACTIVITY,only in Snowflake
FACT_BNDRY_AC_TYP_PRMTR_DISTR_PCMDTY_SUM,overlap
MAP_SURVEY_QUESTION__QUESTION_MAPPING,only in Snowflake
TEMP_DWH_SAP_SALES_LINK_HOSPITAL_REP__SHEET0,only in Snowflake
EMAIL_CYCLE_TARGET_DATA,only in Snowflake
FACT_MTHLY_AC_TYPAK2_CORP_OWN_ORGAK6_PRMTR_ORGAK6_PCMDTYAK29_SPCLAK2_PROM_DETL,overlap
REP_EMAIL_NEWSLETTER_WITH_CORE_MESSAGES,only in Snowflake
REF_PROML_DETLG_DEVICE_TYP,overlap
BHC_0267_PH_DEFINICION_KPIS_GLOSARIO__GLOSARIO,only in Snowflake
REP_ACTUAL_CALLS_MT_V2_RAD,only in Snowflake
REF_HC_PLN_MODEL_TYP,overlap
REP_CP_ACCOUNT_PRIM_SPECIALTY_FILTER_SAT,only in Snowflake
DIM_LCL_CNTRCT_MARCHE,overlap
REF_JPC_IQVIA_TMMS_IQV_ATC3,only in Snowflake
REP_CONTENT_PERFORMANCE_GLOBAL,only in Snowflake
FACT_SAMPLE_TRANSACTION,overlap
REP_JOURNEY_ACTIVITIES_COMBINED_FUNNEL,only in Snowflake
FACT_MTHLY_BNDRYCD_PCMDTY_TRANS_DCATG_SSTDY_SUM,overlap
REF_HOMEOPC_PROD_CATG,overlap
DIM_EVENT_STAKEHOLDER,overlap
FACT_QTRLY_PCMDTYAK17_CHNLAK2_SUM,overlap
REF_CONTG_ME_CATG,overlap
REP_ENGAGEMENTS_OVERVIEW_RAD_V2,only in Snowflake
REP_LOCAL_MARKET_CA2,only in Snowflake
EOL_REF_FILE_OCS_ISI_EQUIP,only in Snowflake
MAP_GEO_TERRITORY_RAD_GLOBAL,only in Snowflake
REF_JPC_IQVIA_TMMS_IQV_SEGMENTBU,only in Snowflake
DIM_EVENT_PLANNER,overlap
FACT_WEB_VST_HIT_DETL,overlap
DIM_SAMPLE_RECEIPT,overlap
REP_EER_GROWTH_PERFORMANCE,only in Snowflake
DIM_ADDRESS,overlap
REF_JPC_IQVIA_TTMS_IQV_DDD,only in Snowflake
REP_ENGAGEMENTS_OVERVIEW_PIT_RAD,only in Snowflake
DIM_VAULT_INDICATION,only in Snowflake
FACT_MTHLY_BNDRYAK7_PCMDTY_SUM,overlap
DIM_BUDGETITEM,overlap
HWC_STGLOGDELCN,only in Snowflake
REF_COUNTRY_FSE_TM_OFF_RAD,only in Snowflake
FACT_QTRLY_REIMBMNT_RX_DATA_SUM,overlap
REP_E2E_ROLLING_3_MONTHS,only in Snowflake
MAP_AC_BNDRY,overlap
PRODUCT_CATALOGUE_MAPPINGS__PRODUCT_CATALOGUE,only in Snowflake
DIM_WEB_BWSR,overlap
FACT_MTHLY_PCMDTY_CHNLAK2_SUM,overlap
BHC_0267_PH_PONDERACION_SEGMENTACION_DIGITAL__SEGMENTACION_CLIENTE,only in Snowflake
REP_TOTAL_SALES_DE1,only in Snowflake
REP_MED_SEGMENTATION,only in Snowflake
VW_ALIGNMENT_ALL,only in Snowflake
DISMISSAL_MAPPING__US_SUGGESTION,only in Snowflake
REP_C360_ENGAGEMENT_OVERVIEW_ALL_CHANNEL_RAD,only in Snowflake
REP_BRAND360_CONTACT,only in Snowflake
FACT_MTHLY_BNDRY_ORGACRO_PCMDTY_FORM_STRNT_SUM,overlap
REF_JPC_MSS_TCM_SAP_PROD,only in Snowflake
REP_ACCOUNT_BRAND_SEGMENT,only in Snowflake
MAP_ORG_STRC,overlap
REP_APPROVED_EMAIL_NEW_NORMAL_WEEKLY_MONTHLY,only in Snowflake
REP_JOURNEY_ACTIVITIES_COMBINED,only in Snowflake
REF_JPC_ONHTTS_MMMS_TTS_PATIENT_INP,only in Snowflake
FACT_MTHLY_ORGAK6_PCMDTY_CHNLAK2_SUM,overlap
FACT_EVENT_ATTENDEE,overlap
REF_JPC_IQVIA_TDMS_IQV_JPM_WITH_YTD,only in Snowflake
FACT_MTHLY_BNDRY_PCMDTY_CHNLAK2_SUM,overlap
MAP_CLIENT_AC_SALE_ALLOC,overlap
WHICH_PRODUCT_IN_WHICH_ANALYZE__SHEET0,only in Snowflake
DIM_DYNAMIC_ATTRIBUTE_CONFIGURATION,overlap
INT_DIM_SUBSTN,only in Snowflake
NA_SMAX_ASSET_EOL,only in Snowflake
DIM_CHNL,overlap
REF_MKT_SEGTN_CATG,overlap
DIM_CHC,overlap
REP_CUSTOMER_DEEPDIVE_V2_CUSTOMSQL_POC,only in Snowflake
BPN_TVT_DMP_CLICK_LOG,only in Snowflake
REF_COUNTRY_EMP_CUST_ID,only in Snowflake
MAP_DDD_BRICK_SALES_OFFICE,only in Snowflake
FACT_WKLY_BNDRYAK2_PCMDTYAK23_SUM,overlap
REP_SUGGESTIONS_PER_REP,only in Snowflake
REP_ACTUAL_CALLS_CDNT_RAD,only in Snowflake
DIM_SSALES_PLAN,only in Snowflake
REF_JPC_ULTMARC_ULT_TABLE07,only in Snowflake
FACT_DAILY_WHSLR_CUST_PROD_SECDY_SALE_SUM_TH,only in Snowflake
REP_GLOBAL_TERRITORY_EMPLOYEE_HIERARCHY,only in Snowflake
MAP_ORG_ROLE_BNDRY,overlap
REP_MSL_SENTIMENT_1_DE,only in Snowflake
FACT_META_KEYFIGURE_BASE_DEFINITION,overlap
REF_SAP_PRODUCT_MAPPING_RAD,only in Snowflake
FACT_MTHLY_BNDRYAK7_PCMDTY_TRANS_DCATGAK2_SUM,overlap
DIM_SALE_ORG,overlap
FACT_TM_PD_BNDRYAK2_PCMDTYAK23_SPCLAK2_GENDER_AGE_GRP_RX_CATG_SUM,overlap
REP_C360_CALENDAR_RAD,only in Snowflake
FACT_SALES_HDSC_TERRITORY_PL,only in Snowflake
CRPC_MARKET_DEFINITION,only in Snowflake
FACT_DAILY_LCL_CNTRCT_CLIENT_GRP_PROD,overlap
TRADEMARK_EXPORT_BRAVE,only in Snowflake
REFERENCE_JPC_ULTMARC_TDM_DCF_INST_DR_HIST,only in Snowflake
REF_JPC_IQVIA_TMMS_IQV_PRODUCT,only in Snowflake
DIM_LCL_CLAS,overlap
REP_ACTUAL_CALLS_CDT,only in Snowflake
REP_E2E_IMPACT_COMBINED,only in Snowflake
REP_MARKET_SHARE_SUB_NAT_RAD,only in Snowflake
DIM_MEDICAL_INQUIRY,overlap
REP_CALLS_ACTIVITY_CORE_MESSAGE,only in Snowflake
MAP_BRAND_TYP_RAD,only in Snowflake
DIM_EMAIL_TEMPLATE_REPORT,only in Snowflake
HWC_STGALL_EVENTS,only in Snowflake
FACT_TM_PD_MVST_TYP_DIAG_TRTMT_SUM,overlap
FACT_MTHLY_PCMDTYAK26_SUM,overlap
T_SECURITY_OWN_TERRITORY,only in Snowflake
BHC_0267_PH_PONDERACION_SEGMENTACION_DIGITAL__SEGMENTO_ADOPCION_1RA_PREGUNTA,only in Snowflake
REP_C360_SEG,only in Snowflake
FACT_MTHLY_AC_TYP_ENGMNT_ORG_PROM_RNKG_SUM,overlap
REP_BRAND360_SU_DOT,only in Snowflake
FACT_TM_PD_BNDRYAK2_OACAK6_PRODAK11_MCOND_SUM,overlap
MAP_WEB_VST,overlap
FACT_MTHLY_BNDRYAK4_SW_MKTAK5_PRODAK5_SPCLAK3_SOBAK2_RX_FILL_TYP_PROD_MKT_SUM,overlap
DIM_CAMPAIGN_JOB_HISTORY,overlap
REP_COUNTRY_PERFORMANCE,only in Snowflake
REP_F2F_AND_REMOTE_CALL_CYCLE,only in Snowflake
DIM_LCL_CNTRCT_TARIF,overlap
FACT_VAN_INV_OVRVW_GLBL,overlap
MAP_PROD_LN_LIFE_CYCL_MOD_RAD_UK,overlap
DIM_VAULT_REGION,only in Snowflake
REP_C360_ACCOUNT_UNIVERSE_COMBINED_RAD,only in Snowflake
REP_GLOBAL_CONTENT_TRACKING_DOCUMENT_RAD,only in Snowflake
REP_MED_JOURNEY_EMAIL_NEWSLETTER_ACTIVITY,only in Snowflake
MAP_CLIENT_NETWORK_BNDRY_ASSC,overlap
FACT_SUGGESTION_FEEDBACK,overlap
REF_HCO_SEGMENTATION_JP,only in Snowflake
DP_CUSTOMER_SUBNTNL_SALE,only in Snowflake
MAP_GEO_TERRITORY_RAD_AU,only in Snowflake
FACT_MTHLY_BNDRYAK4_RGMN_PROD_PRODAK5_SWF_PRODAK5_SPCLAK6_RGMN_SOBAK2_PROD_SOBAK2_GENDERAK2_AGE_SUM,overlap
REP_CUSTOMER_DEEPDIVE_V2,only in Snowflake
REF_JPC_IQVIA_TTMS_IQV_CD_DETAIL_COMPANY,only in Snowflake
DIM_NFC_CLAS,overlap
REP_ACCOUNT_CONSENT_LATEST_MONTH_RAD_POC,only in Snowflake
REP_MSL_MAP_PRODUCT,only in Snowflake
GAZETTEER__SPMERGE,only in Snowflake
FACT_FULL_TIME_EMPLOYEE,only in Snowflake
REP_GLOBAL_MCCP,only in Snowflake
MAP_TERRITORY_HIERARCHY,overlap
REF_JPC_IQVIA_TDMS_IQV_BYL_MARKET,only in Snowflake
REP_CP_ROW_LEVEL_SECURITY_SAT,only in Snowflake
FACT_FSR_OVRVW_ALL_SM_NOTFN,overlap
TERRITORY_STRUCTURE_MK_V2__XARELTO,only in Snowflake
REP_MEDICAL_F2F_AND_REMOTE_INTERACTIONS,only in Snowflake
FACT_MTHLY_BNDRYNML_AC_TYP_ORGNML_PRODNML_ATC_SUM,overlap
MAP_SURVEY_TERRITORY,overlap
FACT_MTHLY_BNDRYAK2_MKT_GRPAK5_PCMDTY_SPCL_SUM,overlap
REP_CP_SEGMENTATION_FILTER_SAT,only in Snowflake
FACT_MTHLY_PCMDTYAK23_CHNLAK2_SUM,overlap
FACT_MTHLY_BNDRY_AC_TYP_PRMTR_DISTR_MKT_SUM_CATG_PCMDTY_SUM,overlap
FACT_MTHLY_PCMDTYAK17_SUM,overlap
REP_MSL_SENTIMENT_NON_DE,only in Snowflake
REP_CALL_CAPACITY_DE,only in Snowflake
REP_F2F_AND_REMOTE_CALL_YEARLY,only in Snowflake
FACT_DAILY_AC_PCMDTY_EXTL_DATA_SUM,overlap
FACT_DAILY_WHSLR_CUST_PROD_SECDY_SALE_SUM_KR,overlap
REF_IB_DATA_JP,only in Snowflake
REF_JPC_IQVIA_TMMS_IQV_PRESCRIPTION_CUR,only in Snowflake
REP_MEDICAL_CHANNEL_ENGAGEMENT,only in Snowflake
REP_C360_DEVICE_CNTRCT_RAD,only in Snowflake
FACT_CALL2_TMP,only in Snowflake
FACT_INVENTORY_ORDER_ALLOCATION,overlap
FACT_2ND_SALES_INST_MN,only in Snowflake
JDNHINET_MDN_FCLTY_B_ORG,only in Snowflake
DIM_CONTENT_LOCALIZATION,only in Snowflake
FACT_MTHLY_PRODAK5_SOBAK2_AGE_GRP_SUM,overlap
REP_MCCP_NON_AGGREGATED_DATA,only in Snowflake
REP_CUSTOMER_SUBNTNL_DAILY_INTR_SALE_PROD_HIERARCHY_STAT_RAD,only in Snowflake
AE_NL_CA__APPROVED_EMAIL_NL,only in Snowflake
REP_EOL_INSTLD_BASE,only in Snowflake
SALES_TARGET_GM_SM__SALES_TARGET,only in Snowflake
FACT_WKLY_PCMDTYAK27_SUM,overlap
MAP_HCO_AGGR_ORG,only in Snowflake
FACT_MTHLY_PCMDTY_SPCLAK2_GENDER_AGE_GRP_RX_CATG_SUM,overlap
REP_LANDING_PAGE_V2,only in Snowflake
FACT_MTHLY_BNDRYAK2_PCMDTY_SPCLAK2_GENDER_AGE_GRP_RX_CATG_SUM,overlap
REP_ACCOUNT_ACTIVITY,only in Snowflake
DIM_LCL_CNTRCT_GRP,overlap
BAYER_MCM_BENCHMARK_REPORT__F2F,only in Snowflake
FACT_MTHLY_AC_TYP_PCMDTYAK24_SUM,overlap
MAP_LCL_TO_GLBL_CURR_RAD,only in Snowflake
ULTMARC_TDT_KGF_OTH,only in Snowflake
MAP_EVENT_TEAM_MEMBER,overlap
REP_MED_JOURNEY_ACTIVITIES_COMBINED,only in Snowflake
SECURITY_USER_LIST,overlap
MAP_OAC_CLIENT_BNDRY_ASSC,overlap
FACT_MTHLY_BNDRYAK4_RGMN_PROD_SWF_RGMN_PROD_SPCLAK6_RGMN_SOBAK2_GENDERAK2_AGE_SUM,overlap
REP_C360_ACCOUNT_UNIVERSE_RAD,only in Snowflake
REP_SAP_PROD_HIERARCHY_RAD,only in Snowflake
FACT_MTHLY_ACAK7_PROD_PCMDTY_GRP_BNDRY_MVST_SUM,overlap
REP_BRAND360_RX,only in Snowflake
EOL_REF_FILE_MODALITY_REV_TYPE,only in Snowflake
MAP_EMPLOYEE_HIERARCHY_HIST,only in Snowflake
BV_REFERENCE_JP_MSS_TMMS_CRM_ADDR_TRRTRY,only in Snowflake
ULTMARC_TDM_DSS_CD,only in Snowflake
FACT_TM_PD_PRODAK5_GENDER_AGE_SUM,overlap
FACT_QTRLY_BNDRYAK7_RXER_PRODAK8_SOB_SUM,overlap
REP_ACTUAL_CALL_MONTH_BEFORE_2020,only in Snowflake
DIM_LCL_CNTRCT_BAREME,overlap
REP_ACTUAL_CALLS_BASE_RAD,only in Snowflake
FACT_QUESTION_RESPONSE,overlap
FACT_MTHLY_BNDRY_PROD_SUM,overlap
DIM_DS,overlap
INT_DIM_PCMDTY_DETL_RX_CATG,only in Snowflake
FACT_VRTL_RVNU_ELIG,overlap
REF_JPC_IQVIA_TDMS_IQV_JSTR_WITH_YTD,only in Snowflake
DP_SUPPLIER_SALE,only in Snowflake
REF_JPC_ONHTTS_MMMS_TTS_FACILITY_ITM,only in Snowflake
BRAND_TO_PRODUCT_GROUP_MAPPING,only in Snowflake
MAP_ACCOUNT_THERAPEUTIC_AREA,overlap
MAPPING_PRODUCT_GROUPS__FINLAND,only in Snowflake
REP_PROMOTIONAL_PERFORMANCE,only in Snowflake
REP_ACTUAL_CALLS_RAD,only in Snowflake
BHC_0267_PH_ESTRUCTURA_TERRITORIAL_SHARE__ADJ_SHARE_SB_FAMILIA,only in Snowflake
REF_JPC_ULTMARC_ULT_SISETU,only in Snowflake
REP_BRAND_ACTIVITY_INTERACTIONS_FACTCALL_ALLCHANNEL_BASE,only in Snowflake
REP_MSL_SENTIMENT_2_NON_DE,only in Snowflake
FACT_TM_PD_PRODAK5_FRMLRY_REIMBMNT_CATG_SOBAK2_CLAIM_CNT_GRP_SUM,overlap
MAP_PCMDTY_INGRD_NM,overlap
DIM_CONTENT_USED_IN_ACTIVATION_CALLS,only in Snowflake
REF_JPC_IQVIA_TMMS_IQV_MOL_CD,only in Snowflake
IQVIA_ZIPBRICK,only in Snowflake
FACT_MTHLY_SFORCEAK3_PCMDTY_CHNL_SUM,overlap
REP_TOTAL_SALES_CA,only in Snowflake
FACT_MTHLY_PRODAK5_RGMN_SUM,overlap
MAP_MTRL_UNIT_CVRSN_FACTOR,overlap
REF_JPC_IQVIA_TMMS_IQV_CONTACT_TYPE,only in Snowflake
REP_ACCOUNT_CONSENT_BRAND_WEEKLY_BASE,only in Snowflake
FACT_EXPENSE_ATTRIBUTION,overlap
REF_TARGETS_GB,only in Snowflake
MAP_EMPLOYEE_TERRITORY_HIST,only in Snowflake
OBJECTIF__SHEET0,only in Snowflake
REP_JOURNEY_SUGGESTION_ACTIVITY_INTERIM_BASE,only in Snowflake
MDS_DISTRIBUTORBRANCHCITIESMAP,only in Snowflake
REF_JPC_ULTMARC_ULT_TABLE04,only in Snowflake
FACT_PRIMARY_SALES,overlap
SALES_TARGET_FILE__DATA_DE,only in Snowflake
REP_C360_CAMPAIGN,only in Snowflake
REFERENCE_JPC_VEEVA_TVT_CALL_DETAIL,only in Snowflake
MAP_PROD_BNF_CLAS,overlap
FACT_QTRLY_BNDRYAK5_PCMDTYAK22_MED_CLAS_SPCLAK2_SUM,overlap
REP_E2E_ACCOUNT_BASE,only in Snowflake
DIM_BNDRY,overlap
FACT_EVENT_EXPENSE_LINE,overlap
MAP_COUNTRY_COMPANY_CODE_ID,only in Snowflake
DIM_MEETING_REQUEST_CUSTOM_FIELD_DETAIL,overlap
REP_HCP_FUNNEL,only in Snowflake
FACT_CALL2_JPC,only in Snowflake
FACT_MTHLY_BNDRYAK4_PCMDTYAK6_CHNLAK2_SUM,overlap
JDNHINET_MDZ_FCLTY_PIC,only in Snowflake
REF_JPC_ONHTTS_MMMS_TTS_UNIT,only in Snowflake
REP_ACCOUNT_CONSENT,only in Snowflake
MAP_EMPTOTERR__US_SUGGESTION,only in Snowflake
FACT_MTHLY_AC_TYP_ATC_SUM,overlap
DIM_TM,overlap
MAP_TERRITORY_CWID_RLS_RAD_TH,only in Snowflake
REP_ACCOUNT_PRODUCT_INSIGHTS,only in Snowflake
IMPACT_TRACK_JP,only in Snowflake
REP_APPROVED_EMAILS_ACTIVITY_FRAGMENT_V2,only in Snowflake
MDS_DISTRIBUTORBRANCH,only in Snowflake
FACT_WKLY_BNDRYNM_AC_TYPNM_FCN_SPECLSM_TYPNM_PROD_PCMDTY_GRP_SUM,overlap
INT_FACT_MTHLY_BNDRYAK7_PRODAK10_SUM,only in Snowflake
IMS_BRICK_POSTAL_CODE_4,only in Snowflake
FACT_BUDGETITEM_COSTDETAIL,overlap
HOSPITALDATA,only in Snowflake
REF_PROML_DETLG_PURP_GRP_CATG,overlap
FACT_MTHLY_AC_BNDRYAK4_PRODAK5_SPCLAK6_SOBAK2_DOT_SUM,overlap
FACT_TM_PD_PRODAK11_SOB_SUM,overlap
FACT_MTHLY_BNDRYAK4_PRODAK5_SPCLAK6_SOBAK2_GENDERAK2_AGE_DOSE_SUM,overlap
MAP_PROD_HIERARCHY_RAD_UK,only in Snowflake
FACT_SUGGESTION,overlap
DISMISSAL_MAPPING__PARENT_CHILD,only in Snowflake
MAP_PRFSN_SPCL_BNDRY,overlap
FACT_DEPOT_RTN_OVRVW,overlap
FACT_WKLY_PCMDTYAK23_SUM,overlap
REF_JPC_IQVIA_TDMS_IQV_JSTR_WKLY_MTD,only in Snowflake
REF_PROML_PROD_SMPL_METH_TYP,overlap
MDM_CUSTOMERS_GROUP_RELEVANT__CUSTOMERS_GROUP_RELEVANT,only in Snowflake
REP_APPROVED_EMAIL_YEARLY_DATA,only in Snowflake
FACT_TM_PD_BNDRYAK2_PCMDTYAK23_SPCLAK2_GENDER_AGE_GRP_RX_ORIGNTN_CATG_SUM,overlap
FACT_MTHLY_BNDRYNML_PCMDTY_CHNLNM_SUM,overlap
FACT_MTHLY_BNDRYNM_SUM,overlap
REF_PROML_DETLG_PURP_CATG,overlap
MAP_SURVEY_QUESTION,overlap
REP_MARKET_PROGNOSIS,only in Snowflake
REP_LOCAL_EVENTS_MT,only in Snowflake
FACT_QTRLY_PRODAK9_SOB_THPY_STRT_MEAS_SUM,overlap
MARKET_DEFINITIONS_FILE,only in Snowflake
FACT_2ND_SALES_INST_DAILY_SLIP,only in Snowflake
REP_CPH_ACTIVITY,only in Snowflake
BHC_0267_PH_CUENTASAP_EXCLUIDAS__HOJA1,only in Snowflake
BHC_0267_PH_PONDERACION_SEGMENTACION_DIGITAL__ACTIVIDAD,only in Snowflake
REP_ACCOUNT_CONSENT_UNIVERSE,only in Snowflake
EYLEA_TARGETS_BY_MONTH__SHEET1,only in Snowflake
FACT_MTHLY_BNDRYAK7_PRODAK10_CHNL_SUM,overlap
JDNHINET_TCT_BIO_LOT,only in Snowflake
DIM_TERRITORY_HIST,only in Snowflake
FACT_MTHLY_BNDRY_PROD_CHNL_SUM,overlap
DIM_LOC,overlap
FACT_TM_PD_BNDRYAK2_SW_PRODAK5_SOBAK2_SUM,overlap
REF_TRTMT_OUTCM_COND_CATG,overlap
FACT_IT_DIAG_INSIGHT_DETL,overlap
REF_SOCIAL_MEDIA_PLTFM,overlap
ULTMARC_TDM_INST_MTI,only in Snowflake
FACT_MTHLY_AC_PROD_SUM,overlap
MDS_MOLECULA,only in Snowflake
MAP_PCMDTY_INGRD,overlap
REF_CMDTY_PROF_CLAS_TYP,only in Snowflake
EMAIL_CYCLE_NON_TARGET_DATA,only in Snowflake
FACT_TM_PD_BNDRYAK2_PRODAK5_GENDER_AGE_SUM,overlap
REP_ACCOUNT_CONSENT_BRAND_WEEKLY_MONTHLY,only in Snowflake
REF_JPC_ONHTTS_MTMS_TTS_DOCTOR_TG,only in Snowflake
FACT_MEDICAL_DISCUSSION,overlap
RATTACHEMENT_ORDRES_INTERNES_BASE_H2R__EXPORT,only in Snowflake
REF_JPC_IQVIA_TMMS_IQV_PRESCRIPTION_FUT,only in Snowflake
FACT_MTHLY_BNDRYAK2_PCMDTY_SPCLAK2_GENDER_AGE_GRP_RX_ORIGNTN_CATG_SUM,overlap
IQVIA_BUDGETSPLITRATE,only in Snowflake
FACT_MTHLY_PCMDTYAK21_CHNLAK2_SUM,only in Snowflake
REP_FACT_MED_INTERACTION,only in Snowflake
MAP_PROD_HIERARCHY_RAD_DE,only in Snowflake
REP_SUBNTNL_INTR_SALES_RAD,only in Snowflake
FACT_MTHLY_AC_PRODNM_SUM,overlap
REF_JPC_ONHTTS_MMMS_TTS_PATIENT,only in Snowflake
STRUTTURAASLFLAT_147_3Q__SHEET_1,only in Snowflake
JDNHINET_MDN_FCLTY_WSORG,only in Snowflake
REP_CONTENT_UTILIZATION_AND_PERFORMANCE,only in Snowflake
DIM_AC,overlap
REP_E2E_IMPACT,only in Snowflake
TERRITORY_TO_IQVIA_MINIBRICK_MAPPING__SHEET1,only in Snowflake
DIM_WEB_GEO_LOC,overlap
ULTMARC_TDM_ALMA_MASTER,only in Snowflake
INT_REF_PRFSN_SPCL_TYP,only in Snowflake
FACT_MTHLY_AC_TYP_ENGMNT_ORG_PRODNM_SPCL_PROM_DETL_SUM,overlap
REP_ACTUAL_CALLS_RAD_V3,only in Snowflake
FACT_MTHLY_ORGNM_SUM,overlap
FACT_MTHLY_BNDRY_MKT_PGRP_CHNL_SUM,overlap
DIM_EVENT_APPROVER,overlap
REP_ACTUAL_CALL_YEAR_BEFORE2020,only in Snowflake
FACT_ORDER_SALE_SUM,overlap
FACT_MTHLY_MKTAK5_PRODAK5_SWF_PRODAK5_SWT_PRODAK5_SOBAK2_SUM,overlap
INT_MAP_PROD_ASSC,only in Snowflake
MAP_ACCOUNT_DETAIL,overlap
REP_B360_SUMMARY_VIEW,only in Snowflake
ULTMARC_TDM_DOC_ACADEMY,only in Snowflake
MAP_GEO_HIERARCHY_RAD_IT,overlap
REP_KEY_MESSAGE_ACTIVITY_MONTH,only in Snowflake
FACT_CLM_PRESENTATION_JPC,only in Snowflake
FACT_CDIS_ADDRESS,overlap
EOL_REF_FILE_SUCC_PRDCT_MAPNG,only in Snowflake
MAP_GEO_HIERARCHY_RAD_FR,overlap
REP_B360_IN_MARKET_PERFORMANCE,only in Snowflake
REP_LOCAL_EVENTS_RAD_V2,only in Snowflake
REF_FCN_SPECLSM_TYP,overlap
REP_ACCOUNT_CONSENT_LATEST_MONTH_NRAD_POC,only in Snowflake
REF_JPC_IQVIA_TMMS_IQV_PRODUCT_POSITION,only in Snowflake
REF_JPC_IQVIA_TDMS_IQV_FL_JPM,only in Snowflake
REP_CAMPAIGN,only in Snowflake
DIM_LCL_CNTRCT_CLIENT,overlap
FACT_TM_PD_PRODAK11_SOB_DIAG_LTH_SEQ_SUM,overlap
CONTROLLING_LISTE_PC,only in Snowflake
FACT_TM_PD_AC_PROD_RX,overlap
REP_ACTUAL_CALLS,only in Snowflake
FACT_TM_PD_PRODAK5_DOT_SUM,overlap
FACT_MTHLY_AC_AC_TYP_PROD_PCMDTY_GRP_BNDRY_MVST_SUM,overlap
FACT_META_KEYFIGURE_RESTRICTIONS,overlap
DIM_HC_PLN,overlap
REF_JPC_IQVIA_TMMS_IQV_CONSTANT,only in Snowflake
MAP_ACCOUNT_TERRITORY,overlap
FACT_ACTION_ITEM,overlap
BHC_0267_PH_TERRITORIO_ESPEJO__HOJA1,only in Snowflake
REP_APPROVED_EMAIL_NEW_NORMAL_BASE,only in Snowflake
DIM_CONTRACT,overlap
REP_APPROVED_EMAIL_ACTIVITY_BASE_POC,only in Snowflake
REP_DUOS_V2,only in Snowflake
FACT_MTHLY_SFORCEAK3_PRODAK10_CHNL_SUM,overlap
REP_DATE,only in Snowflake
DIM_TM_PD,overlap
BHC_0267_PH_VALIDACION_CONTACTO_TERRITORIO,only in Snowflake
REP_ENGAEMENTS_OVERVIEW_ALL_CHANNEL_RAD,only in Snowflake
MAP_MATERIAL_UNIT_CONVERSION_RAD,overlap
FACT_TM_PD_PRODAK5_FRMLRY_REIMBMNT_CATG_SUM,overlap
MAP_COUNTRY_RAD,overlap
REF_JPC_IQVIA_TMMS_IQV_IMSMARKET,only in Snowflake
REP_APPROVED_EMAIL_BASE_WITH_CORE_MESSAGE_MAIN,only in Snowflake
MAP_BUS_RSPTY,overlap
REF_PROML_CTCT_FUT_PSCRNG_INTENTN_CATG,overlap
REP_EER_GROWTH_CONTRIBUTION,only in Snowflake
MDS_SECONDARYMARKETS,only in Snowflake
JDNHINET_MDN_NEW_FCLTY_PIC,only in Snowflake
REP_APPROVED_EMAIL_CORE_MESSAGE,only in Snowflake
REF_JPC_ULTMARC_ULT_IRYOKEN_3J,only in Snowflake
PATIENT_LIST_ALL,only in Snowflake
REP_CP_CROSS_CHANNEL_CORE_OPT,only in Snowflake
REF_JPC_ULTMARC_ULT_KINMUSAKI_HIST,only in Snowflake
FACT_TM_PD_BNDRYAK2_PRODAK5_SOBAK2_CLAIM_CNT_GRP_SUM,overlap
FACT_MTHLY_BNDRYAK4_PRODAK5_SPCLAK6_GENDERAK2_AGE_DOT_SUM,overlap
MSS_TMMS_USR_LIST_FILTER,only in Snowflake
REF_PROML_CHNL_GRP_TYP,overlap
DIM_BATCH,overlap
MDS_BRAND,only in Snowflake
FACT_MTHLY_BNDRYAK7_PRODAK10_SUM,overlap
FACT_MTHLY_AC_TYP_ORGNML_SUM,overlap
REF_JPC_IQVIA_TMMS_IQV_CD_BRAND,only in Snowflake
REP_CP_CALL_OVERVIEW_CORE,only in Snowflake
FACT_ORDER_INVC_SALE_SUM,overlap
REP_F2F_AND_REMOTE_CALLS,only in Snowflake
REP_CONTACT_PER_SEGMENT,only in Snowflake
INT_FACT_MTHLY_ORGAK6_PCMDTY_CHNLAK2_SUM,only in Snowflake
BHC_0267_PH_PONDERACION_SEGMENTACION_DIGITAL__CANALES,only in Snowflake
EMPLOYEE_LICENSE_MANAGER_STATUS,only in Snowflake
PRZEDSTAWICIELE_MAPOWANIE__VEEVA_SELL_IN_SELL_OUT,only in Snowflake
REF_WORKFLOW_MAPPING_RAD,only in Snowflake
FACT_MTHLY_PROD_SUM,overlap
DP_NTNL_SALE,only in Snowflake
REP_KEY_MESSAGE_ACTIVITY_PRESENTATION_MONTH,only in Snowflake
FACT_MTHLY_BNDRYAK7_PCMDTY_SPCLAK3_SUM,overlap
BHC_0267_PH_TERRITORIO_ESPEJO__HOJA2,only in Snowflake
DIM_MDM_PROD_HIER,overlap
INT_DIM_CHC,only in Snowflake
REF_CLINSTDY_PURP,overlap
REP_B360_SEGMENTATION_ACTIVATION,only in Snowflake
REF_JPC_IQVIA_TMMS_IQV_MOL_CD_FULL,only in Snowflake
BRAND_MAPPING_IN_MARKET,only in Snowflake
IM_STGPLANSXARELTO,only in Snowflake
FACT_MTHLY_BNDRY_PCMDTY_RX_ORIGNTN_CHNL_SUM,overlap
FACT_WKLY_BNDRYAK2_PCMDTYAK27_SUM,only in Snowflake
REP_CALLS_ACTIVITY_BASE_POC,only in Snowflake
REP_CALLS_ACTIVITY_BASE_V2,only in Snowflake
REF_JPC_IQVIA_TMMS_IQV_RANKING_COMPANY,only in Snowflake
MDS_ATC,only in Snowflake
FACT_TM_PD_BNDRYAK2_PRODAK5_RGMN_SUM,overlap
REP_CP_APPROVED_EMAIL_URL_FRAGMENT_SAT_2,only in Snowflake
BRIEF_DOC_CUSTOMER,only in Snowflake
MDS_TERRITORYMAP,only in Snowflake
REP_CUSTOMER_SUBNTNL_DAILY_INTR_SALE_PROD_HIERARCHY_RAD,only in Snowflake
FACT_MTHLY_TARGET_LVL_PRODNM_TARGET_TYP_SUM,overlap
DIM_COST_AVOIDANCE,overlap
DIM_MD_DS_CRNCY_CONVN,overlap
REP_CUSTOMER_MAP_GEO_SALE_TERRITORY_MOD_RAD,only in Snowflake
REP_ACTUAL_CALL_MONTH_AFTER_2020,only in Snowflake
REP_MARKET_SALES,only in Snowflake
MAP_PRODUCT_TERRITORY,overlap
BV_REFERENCE_JP_MSS_TMMS_CRM_INST_TRRTRY,only in Snowflake
US_PRESCRIPTION__DATA,only in Snowflake
REP_CERTIFICATION_2,only in Snowflake
FACT_MTHLY_BNDRYNM_PCMDTYNM_STRNT_SPCLNM_SUM,overlap
MDS_NANOBRICK,only in Snowflake
DIM_REGISTRATION,overlap
MAP_TERRITORY_CWID_RLS_RAD_NZ,only in Snowflake
FACT_TM_PD_PRODAK11_SWF_PRODAK11_SOB_SUM,overlap
DIM_LCL_CNTRCT_SCTR,overlap
FACT_DAILY_WHSLR_CUST_PROD_SECDY_SALE_SUM_FR,overlap
REP_CONSENT,only in Snowflake
FACT_MTHLY_BNDRY_PCMDTY_CHNL_SUM,overlap
MAP_ORG_CONTACT_LOC,overlap
ULTMARC_TDM_MED_SECT,only in Snowflake
FACT_MTHLY_BNDRYAK2_PCMDTY_SUM,overlap
REP_CUSTOMER_SUBNTNL_DAILY_INTR_SALE_ADDRESS_RAD,only in Snowflake
IMSPRODUCTMARKETMAPPING__MARKETMAPPING,only in Snowflake
REP_BRAND_ACTIVITY_PRODUCT_COUNTRY_PERIOD_MAPPING,only in Snowflake
REF_JPC_ULTMARC_ULT_IRYOKEN_2J,only in Snowflake
MDM_CDP_PRODUCT_VISIBILITY,only in Snowflake
FACT_MTHLY_BNDRYAK4_PCMDTYAK23_CHNLAK2_SUM,overlap
FACT_TM_PD_ORGAK6_PCMDTYAK28_SUBSTNAK2_SUM,overlap
MAP_PROD_LN_LIFE_CYCL_MOD_RAD_IT,overlap
DIM_PROC_FORM,overlap
REFERENCE_JPC_NOZOMI_TDM_EVM_MEETING,only in Snowflake
REP_APPROVED_EMAIL_YEARLY_DATA_RAD,only in Snowflake
DIM_CAMPAIGN_TARGET,overlap
BV_DIM_JOURNEY_ACTIVITY,only in Snowflake
IM_STGPLANS,only in Snowflake
FACT_MTHLY_BNDRY_PRODNM_SUM,overlap
REP_CONTENT_PERFORMANCE_LOCAL,only in Snowflake
REP_REMOTE_CALLS,only in Snowflake
REP_ACTUAL_CALLS_CDT_RAD,only in Snowflake
EOL_REF_FILE_OEM_LIST,only in Snowflake
REP_LOCAL_MARKET_DE,only in Snowflake
REF_TRTMT_COND_CATG,overlap
REF_SFDC_FOREIGN_KEY_RAD_DE,only in Snowflake
REP_JOURNEY_ACTIVITIES_ARCH_FUNNEL_JOURNEY_CQ,only in Snowflake
BHC_0267_PH_COACHING_DAYS_JRV__LINEA_CD,only in Snowflake
REP_SHARED_BASE_V2,only in Snowflake
REP_CHANNEL_ENGAGEMENT_V2_POC,only in Snowflake
DIM_VAULT_WORKFLOWS,overlap
BHC_0267_PH_CUENTAS_CLAVE_AREA_SANITARIA__CUENTAS,only in Snowflake
FACT_MTHLY_ATC_BNDRYNM_MKT_DATA_SUM,overlap
FACT_BERGAPOTHEKE_SALES,overlap
REP_YR_MTH_WRK_DAY,only in Snowflake
REP_KEY_MESSAGE_ACTIVITY_SLIDE_YEAR,only in Snowflake
FACT_EQUP_CNTRCT,overlap
MAP_GEO_TERRITORY_RAD_RU,only in Snowflake
JDNHINET_MDN_FCLTY_ORG,only in Snowflake
DIM_CHANNEL,only in Snowflake
FACT_TM_PD_SW_PRODAK5_FRMLRY_REIMBMNT_CATG_SOBAK2_SUM,overlap
REP_DMOS_EVENT_V2,only in Snowflake
MAP_GEO_HIERARCHY_RAD_TH,only in Snowflake
FACT_MTHLY_BNDRYNML_AC_TYP_ORGNML_SUM,overlap
FACT_SRVC_ACTY,overlap
FACT_MTHLY_AC_PROD_CHNL_SUM,overlap
REP_CALLS_ACTIVITY_BASE_RAD,only in Snowflake
REP_EMPLOYEE_UNIVERSE,only in Snowflake
REF_SALES_REP_EMAIL_LINK_SNT_CATG,overlap
REP_MED_INTRACTIONS,only in Snowflake
MAP_ICQ_QUESTION_RESPONSE,only in Snowflake
REP_APPROVED_EMAIL_ACTIVITY_BASE_V2,only in Snowflake
DIM_VAULT_BUSINESS_UNIT,only in Snowflake
DIM_CONTRACT_PARTNER,overlap
MAP_PROD_LN_LIFE_CYCL_MOD_RAD_JP,overlap
FACT_MTHLY_ORGAK6_PCMDTYAK17_CHNLAK2_SUM,overlap
FACT_MTHLY_PCMDTY_FRAME_SUM,overlap
FACT_MTHLY_PRODAK11_SW_RSLT_PRODAK11_SOBAK2_TRTMT_COND_CATG_SUM,overlap
INT_FACT_MTHLY_PCMDTYAK19_SUM,only in Snowflake
SALES_REP_BRICK__SALES_CUBE_1,only in Snowflake
FACT_SURVEY_TARGET,overlap
FACT_EDETAILING_NMO,only in Snowflake
REF_JPC_ULTMARC_ULT_TABLE05,only in Snowflake
MAP_PROD_SPCL_CLIENT_DDDOSE_RNG,overlap
REP_LOCAL_EVENTS_RAD,only in Snowflake
DIM_VAULT_SUBREGION,only in Snowflake
REF_HCO,overlap
MDS_TERRITORIESSPLIT,only in Snowflake
FACT_MTHLY_BNDRYAK4_RGMN_PROD_PRODAK5_SPCLAK6_RGMN_SOBAK2_PROD_SOBAK2_GENDERAK2_AGE_SUM,overlap
REP_ACTUAL_CALLS_CD_RAD,only in Snowflake
REP_GLOBAL_CHANNEL_ENGAGEMENT,only in Snowflake
KONTRAKTY__KONTRAKTY,only in Snowflake
MAP_PROD_LN_VC_ELIGY_RAD,overlap
DIM_PUR_CNTRCT,overlap
DIM_MED_CLAS,overlap
REP_COMMERCIAL_SUGGESTION_VERSO,only in Snowflake
STRUTTURAFDAFLAT_145_3Q__SHEET_1,only in Snowflake
LARC_DATA,only in Snowflake
FACT_MTHLY_AC_TYPAK2_CORP_OWNAK6_PRMTRAK6_PRODAK15_ATC_CHC_CHNL_SPCLAK2_PROM_SCND_DETL,only in Snowflake
INT_MAP_CHNL_ASSC,only in Snowflake
MAP_GEO_HIERARCHY_RAD_KR,overlap
REP_APPROVED_EMAIL_CYCLE_DATA_RAD,only in Snowflake
REP_ENG_SCORE,only in Snowflake
BRAND_INFO_TABLE_EXTRACT_32_ZERO_ISSUE,only in Snowflake
REF_JPC_ULTMARC_ULT_SENMONI,only in Snowflake
REP_CP_GLBL_LCL_DOC_SIM,only in Snowflake
BR_CALL,only in Snowflake
REF_JPC_IQVIA_TTMS_IQV_CD_CALL_RANK,only in Snowflake
FACT_SENT_MESSAGE,overlap
DIM_EVENT_DETAIL,overlap
GM_PHARMATREND_REGIONAL_WFCC_CODES__PRODPACK_FCC_MAPPING,only in Snowflake
REP_MSL_SENTIMENT_1,only in Snowflake
GEO_HIERARCHY__US_SUGGESTION,only in Snowflake
STRUKTURY_REGIONALNE__STRUKTURY,only in Snowflake
REP_TOTAL_SALES_DE,only in Snowflake
FACT_MTHLY_PCMDTY_SUM,overlap
REP_SHARED_BASE_V2_RAD,only in Snowflake
DIM_ACCOUNT,overlap
MDS_CITYINNERTERRITORYMAP,only in Snowflake
DIM_WEB_NTWRK_LOC,overlap
REP_ACCOUNT_CONSENT_UAT,only in Snowflake
DIM_INJCT,overlap
DIM_CAMPAIGN_SUPPRESSION_REPORT,overlap
WH_PHARMATREND_REGIONAL_CPH_WFCC_CODES__PRODPACK_FCC_MAPPING,only in Snowflake
REP_JOURNEY_SUGGESTION,only in Snowflake
REF_JPC_IQVIA_TMMS_IQV_VOLUME,only in Snowflake
FACT_QTRLY_UKALHP_BNDRYNM_ORGNM_PRODNM_SUM,only in Snowflake
FACT_MTHLY_BNDRYAK4_PCMDTYAK23_SUM,overlap
FACT_JPC_EVENT_ATTENDEE,only in Snowflake
MSS_TMMS_INST_SALES_PLAN,only in Snowflake
REP_CALLS_ACTIVITY_CORE_MESSAGE_RAD,only in Snowflake
DIM_TRADEMARK_ANALYSIS,only in Snowflake
REP_EMAIL_NEWSLETTER_ACTIVITY_BASE_RAD,only in Snowflake
REP_KEY_MESSAGE_ACTIVITY_SLIDE_MONTH,only in Snowflake
REP_MEDICAL_HCP_DEEP_DIVE,only in Snowflake
HWC_STGORG,only in Snowflake
JDNHINET_TCT_LATEST_DELIV_PRC,only in Snowflake
REF_JPC_ONHTTS_MTMS_TTS_FACILITY_TG,only in Snowflake
TRADEMARK_EXPORT_EFILIA,only in Snowflake
FACT_PUR_REQ_RSPNS_ITEM,overlap
DIM_ACCOUNT_TACTIC,overlap
FACT_SAMPLE_INVENTORY,overlap
FACT_DAILY_PCMDTY_SUM,overlap
REP_E2E_CAMPAIGN,only in Snowflake
DIM_MEETING,only in Excel
FACT_QTRLY_PCMDTY_SUM,overlap
REP_ACCOUNT_SEGMENTATION,only in Snowflake
MAP_ACCOUNT_CONSENT_TEMP,only in Snowflake
FACT_TM_PD_PRODAK16_SUM,overlap
INT_DIM_TM_PD,only in Snowflake
MAP_CUST_PAR_RAD_DE,overlap
REP_CHANNEL_MCCP,only in Snowflake
ALL_ZIP_TO_TERR__US_SUGGESTION,only in Snowflake
INT_REF_ORG_ROLE,only in Snowflake
BHC_0267_PH_IMS_DATOS_POBLACION__HOJA1,only in Snowflake
FACT_MTHLY_BNDRYAK7_RXER_PRODAK8_SOB_SUM,overlap
TERRITORY_STRUCTURE_MK_V2__RADI,only in Snowflake
MAP_VAULT_BINDER_DOCUMENT,overlap
FACT_QTRLY_PRODAK5_SOB_TYPAK2_SUM,only in Snowflake
INT_DIM_DS,only in Snowflake
FACT_TM_PD_BNDRYAK2_PRODAK5_SUM,overlap
REF_MVST_TYP,overlap
DP_SUBNTNL_SALE,only in Snowflake
FACT_MTHLY_LLNG_BNDRYNM_PCMDTY_CHNLNM_SUM,only in Snowflake
DIM_INDICATEUR_BIOSIMILAIRE,overlap
FACT_MTHLY_BNDRY_AC_TYP_MKT_SUM_CATG_PROD_SUM,overlap
DIM_MEDPRO,overlap
MAP_GEO_HIERARCHY_RAD_RU,only in Snowflake
REP_MED_CAMPAIGN_ACTIVITY_COMBINED,only in Snowflake
FACT_WKLY_BNDRY_ORGACRO_PCMDTY_FORM_STRNT_SUM,overlap
REF_PROML_DETLG_VIDEO_PLTFM_TYP,overlap
MAP_GEO_TERRITORY_RAD_JP,overlap
REP_PRESCRIPTION,only in Snowflake
DIM_SURVEY,overlap
MONTHLY_BAYER_BRICK_MASTER_DATA__MARKETPRODUCT,only in Snowflake
FACT_TM_PD_BNDRYAK2_BNDRY2AK2_PCMDTYAK4_SUM,overlap
REF_RX_ORIGNTN_CATG,overlap
MDS_NORMOFSTOCK,only in Snowflake
REP_MSL_COACHING_REPORTS,only in Snowflake
DIM_VAULT_PRODUCT,only in Snowflake
DIM_PROML_MT_TYP,overlap
DIM_BUDGET,overlap
REP_KEY_MESSAGE_ACTIVITY_BASE_V2,only in Snowflake
REP_ACCOUNT_CONSENT_LATEST_MONTH_POC,only in Snowflake
IQVIA_BRICKS_NO_WITH_FARMASTAT_BRICKS__NORWAY,only in Snowflake
FACT_MTHLY_AC_AC_TYPAK2_BNDRYAK2_PCMDTYAK23_SUM,overlap
REF_PROML_CHNL_TYP,overlap
BHC_0267_PH_DEFINICION_KPIS_ACTIVIDADES__LOB,only in Snowflake
REP_E2E_ROLLING_DATA,only in Snowflake
MDS_TERRITORYIMTOGEOFORPLANS,only in Snowflake
FACT_KEYMAP,overlap
FACT_MTHLY_BNDRYAK7_PCMDTY_CHNL_SUM,overlap
FACT_MTHLY_PGRP_DLVRBL_SUM,overlap
MAP_GEO_HIERARCHY_RAD_AU,only in Snowflake
REF_JPC_ULTMARC_ULT_IRYOKEN_TDFKN,only in Snowflake
REF_LMR_BRAND_MAPPING_RAD,only in Snowflake
DIM_LCL_CNTRCT_CLIENT_SCTR,overlap
REF_PROML_CTCT_GRP_TYP,overlap
BV_REFERENCE_JP_MSS_TMMS_CRM_TRRTRY_REP,only in Snowflake
MAP_GEO_TERRITORY_RAD_DE,overlap
CRD_DICPRODUCT,only in Snowflake
REF_OAC_GRP,overlap
FACT_WEB_VST_DETL,overlap
DP_NTNL_CLAIM,only in Snowflake
FACT_MTHLY_PCMDTYAK6_SUM,overlap
FACT_EQUP,overlap
FACT_MTHLY_BNDRY_REAL,overlap
REP_APPROVED_EMAIL_BASE_RAD,only in Snowflake
DIM_CAMPAIGN_ACTIVITY,overlap
FACT_MTHLY_PRODAK15_PCMDTYAK23_CHNLAK2_SUM,overlap
WEEKLY_BAYER_BRICK_MASTER_DATA__MARKETPRODUCT,only in Snowflake
REP_CP_APPROVED_EMAIL_CORE_MESSAGE_SAT,only in Snowflake
FACT_QTRLY_RGMN_SUBSTN_LTHAK2_DIAG_COND_SUM,overlap
REP_APPROVED_EMAIL_WITH_CORE_MESSAGE,only in Snowflake
FACT_INVC_SALE_SUM,overlap
INT_FACT_MTHLY_PCMDTYAK17_SUM,only in Snowflake
REP_RCT_CALL_EMAIL,only in Snowflake
FACT_SECDY_SALE_RAD_KR,overlap
REF_EXCLUSION_TGLIST_JP,only in Snowflake
FACT_TERRITORY_TIME_OFF,overlap
BHC_0267_PH_PONDERACION_SEGMENTACION_DIGITAL__SEGMENTO_ADOPCION_ACTIVIDAD,only in Snowflake
MAP_ACCOUNT_PLAN_TEAM_MEMBER,overlap
REP_WOMEN_HEALTH_CARE,only in Snowflake
IMS_PRODUCT_ATTRIBUTE__IMS_PRODUCT,only in Snowflake
SAMPLE_RAD_DDD_BRICKORG_MST,overlap
BAYER_MCM_BENCHMARK_REPORT__PHONE,only in Snowflake
FACT_SRVC_ORDER_OVRVW,overlap
REP_BRAND_ACTIVITY_INTERACTIONS_FACTCALL_BASE,only in Snowflake
FACT_MTHLY_ORGNM_PCMDTYAK15_CHNL_LLSPCLNM_HC_PLN_SUM,overlap
FACT_ACCNT_PROD_CONSNT,overlap
MAP_PROD_HIERARCHY_RAD_KR,only in Snowflake
REF_PROML_DETLG_PROD_PRESNT_NBR_TYP,overlap
REP_EER_TOP_CORPORATIONS,only in Snowflake
FACT_EMPLOYEE_SYNC,overlap
FACT_MTHLY_PCMDTYAK18_CHNLAK2_SPCLAK2_SUM,overlap
FACT_MTHLY_AC_TYPAK2_PRMTRAK6_PRODAK15_ATC_SPCLAK2_CLINSTDY_PROM_DETL,overlap
REP_ICQ_SALES_REP_SURVEY,only in Snowflake
REP_BRAND_ACTIVITY_INTERACTIONS,only in Snowflake
FACT_MTHLY_AC_NM_PRODNM_SUM,overlap
REP_ICQ_SALES_REP_SURVEY_DETAIL,only in Snowflake
FACT_MTHLY_PCMDTYAK2_CHNLAK2_SUM,only in Snowflake
FACT_ACCOUNT_CONTACT,overlap
REP_EMAIL_NEWSLETTER_ACTIVITY_BASE_V2,only in Snowflake
MAP_PROD_LN_LIFE_CYCL_MOD_RAD_GLOBAL,only in Snowflake
REP_DMOS_EVENT,only in Snowflake
REP_SUBNTNL_EQUIP_ACTY_RAD,only in Snowflake
REP_ACTUAL_CALLS_BASE_HCO,only in Snowflake
SPEC_PROV_SALES_TARGET,only in Snowflake
BHC_0267_PH_CENTROS_DISTRIBUCION__DISTRIBUIDORES,only in Snowflake
DIM_INVITEE,overlap
REF_PROML_CTCT_PRMTR_QLTY_RTNG,overlap
DIM_CONTENT_USED_IN_ACTIVATION_EMAIL,only in Snowflake
REF_JPC_ULTMARC_ULT_IRYOKEN_JYS,only in Snowflake
ULTMARC_TDM_ADD_ITEM,only in Snowflake
DIM_VAULT_COUNTRY,only in Snowflake
FACT_DEPOT_REPR_PRODUCTVTY,overlap
REP_E2E,only in Snowflake
FACT_MTHLY_BNDRYNML_AC_TYP_ATC_SUM,overlap
FACT_1ST_SALES_DAILY_SLIP,only in Snowflake
FACT_ORDER_INVC_CDTN_SALE_SUM,overlap
REP_EMAIL_NEWSLETTER_GLOBAL,only in Snowflake
REP_C360_REACH_FREQ,only in Snowflake
REP_BRAND360_SEGMENTATION_ACTIVATION,only in Snowflake
DIM_PO,overlap
FACT_ACCOUNT_ACTIVITY,overlap
DIM_JPC_SALES_ORG,only in Snowflake
FACT_MTHLY_BNDRYAK4_SFORCEAK2_PCMDTY_SUM,overlap
REF_GENDER,overlap
MAP_BNDRY_ASSC,overlap
BHC_0267_PH_DEFINICION_KPIS_ACTIVIDADES__VISITAS,only in Snowflake
REP_ACCOUNT_CONSENT_HIST_NRAD_POC,only in Snowflake
DIM_EMPLOYEE,overlap
DIM_GROUPE_BIOSIMILAIRE,overlap
FACT_MTHLY_BNDRYNML_ACTYPNML_ORGNM_PCMDTY_CHNLNM_SUM,overlap
REP_EMAIL_NEWSLETTER_WITH_CONTENT_MODULE,only in Snowflake
FACT_TM_PD_AC_PCMDTY_FCN_SPECLSM_TYPAK2_SUM,only in Snowflake
REF_PROML_PROD_DETL_ONLN_DSCVRY_METH_TYP,overlap
MDS_PRODUCT,only in Snowflake
REF_JPC_ULTMARC_ULT_TABLE06,only in Snowflake
FACT_MTHLY_AC_BNDRYAK4_RGMN_PROD_PRODAK5_SWF_PRODAK5_SPCLAK6_RGMN_SOBAK2_PROD_SOBAK2_SUM,overlap
REP_LOCAL_EVENTS_BASE,only in Snowflake
DIM_CAM_TARGETDATAOUTPUT,overlap
REP_APPROVED_EMAIL_BASE_WITH_CORE_MESSAGE_CONTENT,only in Snowflake
REP_APPROVED_EMAIL_YEARLY_DATA_WITH_CORE_MESSAGE_MAIN,only in Snowflake
MAP_PROD_LN_LIFE_CYCL_MOD_RAD_FR,overlap
REP_MEDICAL_LANDING_PAGE,only in Snowflake
REF_GENERIC_BRANDED,overlap
REP_CHANNEL_MCCP_V2,only in Snowflake
FACT_MAT_RXER_PRODAK8_SOB_SUM,overlap
FACT_MTHLY_BNDRYNML_ORGNM_PCMDTY_CHNLNM_SUM,overlap
FACT_SALES_HDSC_TERRITORY_TR,only in Snowflake
BUDGET_PHARMA_IN_VOLUME_NET_VALUE_PER_MONTH__VOLUME,only in Snowflake
FACT_MTHLY_BNDRY_AC_PCMDTY_MVST_SUM,overlap
MAP_CNCMTNC_NFC,overlap
REF_JPC_IQVIA_TMMS_IQV_FORM,only in Snowflake
REF_JPC_IQVIA_TMMS_IQV_COMPANY,only in Snowflake
MAP_CUST_PAR_RAD_IT,overlap
DIM_WEB_MOBLDEVC,overlap
INT_DIM_FRMLRY_REIMBMNT_CATG,only in Snowflake
BHC_0267_PH_ESTRUCTURA_TERRITORIAL_SHARE__SANIBRICK,only in Snowflake
MAP_ACCOUNT_FOCUS_AREA,overlap
REF_JPC_IQVIA_TMMS_IQV_SPECIALTY,only in Snowflake
DIM_BRAND,overlap
REP_COUNTRY_HIERARCHY,only in Snowflake
FACT_TM_PD_BNDRYAK2_PRODAK5_SOBAK2_SUM,overlap
MDM_CDP_GEOGRAPHY_SANIBRICKS,only in Snowflake
ULTMARC_TDM_MANAGEMENT,only in Snowflake
TERRITORY_STRUCTURE_MK_V2__OPH,only in Snowflake
REP_ACTUAL_CALLS_MT,only in Snowflake
MDS_REGIONBU,only in Snowflake
DIM_WEB_OS,overlap
REP_E2E_CONSENT_BASE,only in Snowflake
REF_JPC_ONHTTS_MTMS_TTS_FACILITY_REF,only in Snowflake
MAP_MDM_PROD_XREF,overlap
REF_JPC_IQVIA_TTMS_IQV_CD_DETAIL_PRODUCT,only in Snowflake
MAP_PROD_HIERARCHY_RAD_JP,only in Snowflake
CRD_DICCLIENT,only in Snowflake
FACT_CYCLE_PLAN,overlap
REP_ICQ_SURVEY_TERRITORIES,only in Snowflake
REP_APPROVED_EMAIL,only in Snowflake
DIM_DSTRN_CHNL,overlap
REP_TOTAL_SALES_IT,only in Snowflake
FACT_PERSONAL_CHANNEL_ACTIVITY,overlap
FACT_MTHLY_BNDRY_PROD_RX_ORIGNTN_CHNL_SUM,overlap
MAP_GEO_TERRITORY_RAD_KR,overlap
REP_APPROVED_EMAIL_MONTHLY_DATA,only in Snowflake
REF_SOB_TYP,overlap
REP_MEDICAL_SUGGESTION_VERSO,only in Snowflake
DIM_TASK,overlap
REP_CUSTOMER_SUBNTNL_DAILY_EQUP_ACTY_RAD,only in Snowflake
FACT_TM_PD_ORGAK6_SUM,overlap
MAP_GEO_TERRITORY_RAD_TH,only in Snowflake
REP_APPROVED_EMAIL_YEARLY_DATA_WITH_CORE_MESSAGE_CONTENT,only in Snowflake
TSA_PRODUCT_LOAD,only in Snowflake
DIM_SPEAKER,only in Snowflake
ULTMARC_TDT_MED_DSS,only in Snowflake
FACT_MTHLY_BNDRYAK4_PRODAK5_ATC_SUBSTNAK2_REIMBMNT_SUM,overlap
MAP_PROD_HIERARCHY_RAD_TH,only in Snowflake
REF_PROML_DETLG_SMPL_USE_CATG,overlap
REP_EMAIL_NEWSLETTER_MANUAL,only in Snowflake
DIM_WHO_ATC,overlap
FACT_TM_PD_PCMDTYAK23_SPCLAK2_GENDER_AGE_GRP_RX_ORIGNTN_CATG_SUM,overlap
REF_JPC_IQVIA_TMMS_IQV_MFR_COMPANY,only in Snowflake
MAP_RGNL_HIER,overlap
REP_TL_INSIGHTS,only in Snowflake
SAP_ELSA_AUTH_TABLE_LEGAL,only in Snowflake
REP_APPROVED_EMAIL_PIT_RAD,only in Snowflake
HIERARCHIE_CENTRE_DE_FRAIS_BASE_H2R__EXPORT,only in Snowflake
SECTORISATION_XARELTO_ALLOCATION_HCO__FEUIL1,only in Snowflake
FACT_TM_PD_BNDRY_AC_CATGAK2_AC_TYPAK2_PCMDTY_SUM,overlap
REF_JPC_IQVIA_TMMS_IQV_DDD_ORGCONVERT,only in Snowflake
REP_F2F_CALLS,only in Snowflake
ALL_SPECIALITY_MAPPING_CALCULATED_SPECIALITIES_PER_TEAM__ULTIMATE_MAPPING,only in Snowflake
TSA_FSA,only in Snowflake
REP_LOCAL_MARKET,only in Snowflake
REP_GLOBAL_CONTENT_TRACKING_ENGMNT_RAD,only in Snowflake
FACT_MTHLY_PCMDTY_DLVRBL_DETL,overlap
DIM_HCP,only in Snowflake
REP_APPROVED_EMAILS_ACTIVITY_FRAGMENT_RAD,only in Snowflake
REP_ACCOUNT_PRODUCT_UNIVERSE_RAD,only in Snowflake
REF_JPC_IQVIA_TMMS_IQV_DPC,only in Snowflake
FACT_MAT_PRODAK9_DIAG_AGE_GRP_MEAS_SUM,overlap
MAP_CNCMTNC_ATC,overlap
REP_ACTUAL_CALL_YEAR_AFTER2020_CN,only in Snowflake
REF_JPC_IQVIA_TMMS_IQV_ATC4,only in Snowflake
FACT_MTHLY_BNDRYAK7_PCMDTY_GENDERAK2_AGE_SUM,overlap
REP_ICQ_SURVEY_BASE_V2,only in Snowflake
FACT_GMDA_CHANNEL_DYNAMICS,overlap
REP_ALL_CHANNEL_ACTIVITY_W_CORE_MESSAGE_POC,only in Snowflake
DIM_LCL_CNTRCT_CLIENT_GRP,overlap
FACT_WKLY_BNDRY_AC_TYP_PRMTR_DISTR_MKT_SUM_CATG_PCMDTY_SUM,overlap
MAP_CUST_PAR_RAD_KR,overlap
MAP_PROD_LCL_CLAS,overlap
DIM_ITEM,overlap
MAP_PROD_HIERARCHY_RAD_RU,only in Snowflake
REP_KEY_MESSAGE_ACTIVITY,only in Snowflake
FACT_WKLY_PROD_SUM,overlap
REP_PIT_ACTUAL_CALLS_V2_RAD,only in Snowflake
REF_JPC_IQVIA_TMMS_IQV_PRESCRIPTION_CHG,only in Snowflake
ULTMARC_TDT_MED_DEP_OUTP,only in Snowflake
MAP_EMPLOYEE_TERRITORY,overlap
MAP_PRODUCT_INDICATION,overlap
REP_FACT_MED_TL,only in Snowflake
MDS_PRODUCTCATEGORY,only in Snowflake
REP_F2F_AND_REMOTE_CALL_CYCLE_BEFORE2020,only in Snowflake
REP_CUSTOMER_SUBNTNL_DAILY_EQUP_CNTRCT_RAD,only in Snowflake
DIM_VAULT_USERS,only in Snowflake
REP_CUSTOMER_CHANNEL_INTERACTION_RAD,only in Snowflake
REF_JPC_IQVIA_TMMS_IQV_IMSPRODUCT,only in Snowflake
FACT_MTHLY_AC_TYPAK2_CORP_OWN_ORGAK6_PRMTR_ORGAK6_PCMDTYAK25_SPCLAK2_PROM_DETL,only in Snowflake
BHC_0267_PH_CUENTASAP_SANIBRICK__SHEET1,only in Snowflake
INT_MAP_BNDRY_ASSC,only in Snowflake
INT_FACT_MTHLY_PCMDTYAK19_CHNLAK2_SUM,only in Snowflake
FACT_MTHLY_ACAK9_PCMDTYAK27_CHNLAK2_SUM,overlap
FACT_MISS_DFRD_RVNU_CNTRCT,overlap
IQVIA_MARKET,only in Snowflake
MAP_CHNL_ASSC,overlap
REP_CHANNEL_ENGAGEMENT,only in Snowflake
REP_FCP_DATES,only in Snowflake
MAP_ICQ_SURVEY_QUESTION,overlap
REP_MSL_SENTIMENT_1_NON_DE,only in Snowflake
REP_CUSTOMER_SUBNTNL_DAILY_INTR_SALE_RAD_PI,only in Snowflake
REP_ACCOUNT_CONSENT_BRAND_WEEKLY,only in Snowflake
REP_C360_CUST_DEMOGRAPHICS,only in Snowflake
FACT_MTHLY_AC_BNDRYAK4_RGMN_PROD_SPCLAK6_RGMN_SOBAK2_SUM,overlap
DIM_LCL_CNTRCT_PROD,overlap
REP_CP_EMAIL_NEWSLETTER_OVERVIEW_CORE,only in Snowflake
MAP_GEO_HIERARCHY_RAD_GLOBAL,only in Snowflake
REF_TARGETS_CA,only in Snowflake
REP_MEDICAL_CONTENT_GLOBAL_FILTER,only in Snowflake
FACT_CRYSTAL_SPENDCAP,overlap
REP_SF_SENDING_APPROVED_EMAILS,only in Snowflake
ULTMARC_TDT_MED_FCL,only in Snowflake
FACT_GMDA_QUARTERLY,overlap
MAP_DS_CLAS_ASSC,overlap
REP_BRAND_ACTIVITY_INTERACTIONS_APPROVEDEMAIL_BASE,only in Snowflake
EOL_REF_FILE_GEO_LOCATION,only in Snowflake
FACT_MTHLY_BNDRYAK4_PRODAK5_SPCLAK6_SOBAK2_GENDERAK2_AGE_DOT_SUM,overlap
FACT_SRVC_ACTY_RVNU,overlap
MAP_ACCOUNT_MERGE_HISTORY,overlap
MAP_SSALES_MONTHLY_TERRITORY,only in Snowflake
DIM_EWIZARD_KEYMSGTRACKING,overlap
REF_JPC_IQVIA_TTMS_IQV_RANKING,only in Snowflake
REF_PROML_DETLG_PROD_ORDER,overlap
BRIEF_DOC_JOURNEY,only in Snowflake
FACT_PAYMENT_NOZOMI,only in Snowflake
FACT_MTHLY_BNDRY_PCMDTY_SUM,overlap
SCMD_MAPPING__MAPPING,overlap
JDNHINET_MDN_NEW_FCLTY_PIC_DET,only in Snowflake
EOL_INSTLD_BASE_HIST,only in Snowflake
REP_SURVEYS_SUBMITTED_BY_TL,only in Snowflake
FACT_SRVC_RVNU,only in Snowflake
REP_ACTUAL_CALLS_CDNT,only in Snowflake
FACT_QTRLY_RXER_PRODAK8_SOB_SUM,overlap
FACT_WKLY_BNDRY_AC_TYP_MKT_SUM_CATG_PROD_SUM,overlap
DIM_CMPY_CD,overlap
DIM_PUR_REQ,overlap
REP_MARKET_SHARE_NAT_RAD,only in Snowflake
BHC_0267_PH_CHECKACTIVITY,only in Snowflake
REP_ACTUAL_CALLS_CYCLES_COUNTRY_PART1,only in Snowflake
FACT_MTHLY_LLBNDRYNM_ORGNM_PCMDTY_CHNLNM_SUM,only in Snowflake
REP_ACCOUNT_PRODUCT_UNIVERSE,only in Snowflake
REF_JPC_ULTMARC_ULT_TABLE01,only in Snowflake
REF_JPC_ONHTTS_MMMS_TTS_DOCTOR_ITM,only in Snowflake
JDNHINET_MDN_FCLTY_PIC,only in Snowflake
REF_JPC_ULTMARC_ULT_KOZIN,only in Snowflake
REP_ACCOUNT_SEGMENTATION_RAD,only in Snowflake
FACT_MTHLY_BNDRYAK4_PRODAK5_ATC_SUBSTNAK2_CHNLAK2_REIMBMNT_SUM,overlap
DIM_ORG,overlap
ALIGN_FSA_TO_POD,only in Snowflake
BRAND_MAPPING_IN_MARKET__SHEET1,only in Snowflake
REP_APPROVED_EMAIL_CORE_MESSAGE_RAD,only in Snowflake
MAP_EMPLOYEE_HIERARCHY,overlap
FACT_MAT_BNDRYAK7_RXER_PRODAK8_SOB_SUM,overlap
FACT_MTHLY_BNDRYAK4_PCMDTY_CHNLAK2_MCOND_SUM,overlap
REP_MED_JOURNEY_ACTIVITIES_COMBINED_FUNNEL,only in Snowflake
REP_KEY_MESSAGE_ACTIVITY_CORE_MESSAGE_TOPIC_MONTH,only in Snowflake
INT_DIM_PROD,only in Snowflake
BR_CYCLE_PLAN,only in Snowflake
SAP_ELSA_AUTH_TABLE_MGMT,only in Snowflake
REP_ACTUAL_CALL_YEAR_AFTER2020,only in Snowflake
GEBIETSSTAMMDATEN__SUBTERRITORY_BEZIRK,only in Snowflake
EOL_REF_FILE_MTRL_MODEL,only in Snowflake
BAYER_SPECIFIC_MEASURES,only in Snowflake
REP_APPROVED_EMAIL_COMBINED_RAD,only in Snowflake
MAP_BRICK_TERRITORY,overlap
FACT_MTHLY_PCMDTYAK27_CHNLAK2_SUM,overlap
REP_MED_CONTENT_EMAIL_NEWSLETTER,only in Snowflake
REP_E2E_SUGGESTION_PER_REP,only in Snowflake
REF_PROML_CNTNT_QLTY_RTNG_RSN_CATG,only in Snowflake
MAP_PROD_TA_RAD,overlap
DIM_PRODUCT,overlap
COUNTRY_TIMEZONE_MAPPING,only in Snowflake
REP_MED_JOURNEY_SUGGESTION_ACTIVITY_INTERIM_BASE,only in Snowflake
INT_DIM_ORG,only in Snowflake
DIM_PW_W9_INFORMATION,overlap
MAP_GEO_HIERARCHY_RAD_NZ,only in Snowflake
MAP_GEO_HIERARCHY_RAD_DE,overlap
FACT_TM_PD_PRODAK11_PAT_CNT_CATG_SUM,overlap
INT_REF_PROML_CHNL_TYP,only in Snowflake
FACT_DAILY_BNDRYAK7_PRODAK10_SUM,overlap
FACT_TM_PD_PRODAK5_FRMLRY_REIMBMNT_CATG_GENDER_AGE_SUM,overlap
BAYER_MCM_BENCHMARK_REPORT__REMOTE,only in Snowflake
DIM_ROA,overlap
REP_CP_JOURNEY_FILTER_SAT,only in Snowflake
MAP_ACCOUNT_CONSENT,overlap
FACT_TM_PD_PCMDTY_SUM,overlap
FACT_DAILY_WHSLR_CUST_PROD_SECDY_SALE_SUM_GB,overlap
FACT_MAT_PRODAK9_AGE_GRP_MEAS_SUM,overlap
DIM_PUBLICATION,overlap
HWC_STGLOTSHIPMENT,only in Snowflake
REP_CONTENT_PERFORMANCE_LOCAL_OPT,only in Snowflake
FACT_SALES_HDSC_NATIONAL_PL,only in Snowflake
REF_PRFSN_SPCL_TYP,overlap
REP_CVENT_DATA_V2,only in Snowflake
FACT_ANTI_VEGF_MKT_BAYER_VITAL_OPTHA,overlap
REP_CP_UNASSIGNED_PRESENTATION,only in Snowflake
REP_ACCOUNT_CONSENT_LATEST_MONTH_V2,only in Snowflake
DIM_TERRITORY,overlap
REP_LOCAL_MARKET_DE1,only in Snowflake
PRESCRIPTION_TRACKING,only in Snowflake
FACT_SURVEY_DETAIL,overlap
REP_MEDICAL_CONSENT,only in Snowflake
REF_TRANS_DCATG,overlap
MAP_GEO_HIERARCHY_RAD_JP,overlap
BRAND_MAPPING_IN_MARKET_BE__PRODUCTS_MAPPED,only in Snowflake
FACT_GLBL_LCL_DOC_SIM_COMP,only in Snowflake
CONTROLLING_LISTE_RR,only in Snowflake
PRODUKTSTAMMDATEN__PRODUKTSTAMMDATEN,only in Snowflake
FACT_ACCOUNT_CONSENT_MONTHLY_RAD,only in Snowflake
MAP_CNCMTNC_PROD,overlap
REP_EMAIL_NEWSLETTER,only in Snowflake
REP_EMAIL_NEWSLETTER_ACTIVITY_BASE_POC,only in Snowflake
FACT_MTHLY_PRODAK11_SW_RSLT_PRODAK11_SOBAK2_TRTMT_COND_CATG_LTH_SEQ_SUM,overlap
PH_UPC_ALTERNATE_UPC,only in Snowflake
REF_PROML_MT_PRMTR_ORG_REL_ROLE,overlap
MAP_TERRITORY_CWID_RLS_RAD_AU,only in Snowflake
REF_INDCTN_FOR_USE_CATG,overlap
FACT_MTHLY_BNDRYNM_PRODNM_SOB_TYP_SUM,overlap
REP_APPROVED_EMAIL_ACTIVITY_BASE,only in Snowflake
REP_F2F_REMOTE_AND_ACTUALS_V2,only in Snowflake
FACT_TM_PD_BNDRYAK2_PCMDTYAK4_SUM,overlap
FACT_EVENT_HISTORY,overlap
ULTMARC_TDM_ACADEMY,only in Snowflake
FACT_TM_PD_PRODAK11_SWT_PRODAK11_SOB_SUM,overlap
MAP_CUST_PAR_RAD_AU,only in Snowflake
DIM_SENDLOG_BAYER,overlap
MAP_TERRITORY_LEVEL,overlap
FACT_MTHLY_PRODAK11_TRTMT_COND_CATG_SUM,overlap
REP_CUSTOMER_360_RAD,only in Snowflake
FACT_CALL,overlap
FACT_MTHLY_BNDRYAK2_AC_TYPAK2_PCMDTY_SUM,overlap
MERCADOS_IMS__MERCADOS,only in Snowflake
BHC_0267_PH_ESTRUCTURA_TERRITORIAL_SHARE__PROVINCIA,only in Snowflake
MAP_USER2TERRITORY_HISTORY,overlap
MDS_GEOGRAPHICREGIONS,only in Snowflake
REP_BRAND_PRODUCT_SEGMENT,only in Snowflake
REP_CALLS_ACTIVITY_BASE,only in Snowflake
BAYER_MCM_BENCHMARK_REPORT__EMAIL,only in Snowflake
REP_C360_SRVC_ACTY_RAD,only in Snowflake
REP_ACCOUNT_CONSENT_HIST_RAD,only in Snowflake
FACT_SALES_HDSC_NATIONAL,only in Snowflake
REP_MCCP_TARGETS,only in Snowflake
REP_CHANNEL_ENGAGEMENT_V2,only in Snowflake
MAP_CUST_PAR_RAD_GLOBAL,only in Snowflake
FACT_MTHLY_BNDRYAK5_PRODAK5_SW_PRODAK5_SOBAK2_TRTMT_OUTCM_COND_CATG_SPCLAK4_TRANS_DCATGAK2_SUM,overlap
REP_ICQ_TERRITORY_HIERARCHY,only in Snowflake
HOSPITALREP__HOSPITALREP,only in Snowflake
REF_JPC_REBATE_TRT_N_SS_ACT_SUM,only in Snowflake
FACT_EVENT_EXPENSE_HEADER,overlap
FACT_SALES_HDSC_NATIONAL_CH,only in Snowflake
REP_MEDICAL_KEY_MESSAGE_ACTIVITY_BASE,only in Snowflake
TRADEMARK_CLUSTER,only in Snowflake
REP_SUBNTNL_DAILY_EQUIP_CNTRCT_RAD,only in Snowflake
FACT_MTHLY_BNDRY_PCMDTY_FRAME_SUM,overlap
REP_PRIMARY_SALES,only in Snowflake
FACT_MTHLY_AC_TYP_ORGACRO_PCMDTY_FORM_STRNT_ATC_UNIT_PRC_SUM,overlap
DETAILS_ALLOCATION_PHARMA_GROSSISTES,only in Snowflake
REP_ACTUAL_CALLS_CYCLES_COUNTRY_PART3,only in Snowflake
BHC_0267_PH_GLOBAL_KPIS__HOJA1,only in Snowflake
FACT_WEB_VST_SUM,overlap
INT_MAP_PCMDTY_INGRD,only in Snowflake
FACT_CNTRCT_DEFRD_RVNU,overlap
DIM_ACCOUNT_RELATIONSHIP,overlap
FACT_MTHLY_LCL_CLAS_SUM,overlap
INT_FACT_DAILY_BNDRYAK7_PRODAK10_SUM,only in Snowflake
REP_APPROVED_EMAIL_V2,only in Snowflake
BHC_0267_PH_GEOGRAFIA_MAPA__PROVINCIA,only in Snowflake
REP_CP_APPROVED_EMAIL_URL_FRAGMENT_SAT,only in Snowflake
MSS_TDM_SAL_CALENDAR,only in Snowflake
FACT_SUGGESTION_DETAIL,overlap
INT_DIM_ATC,only in Snowflake
REF_JPC_IQVIA_TMMS_IQV_JPM_RATIO,only in Snowflake
TERRITORY_STRUCTURE_MK_V2__GIN,only in Snowflake
DIM_MDM_PROD_LCL_NM,overlap
FACT_MTHLY_LLBNDRYNM_LLACTYP_ORGNM_PCMDTY_CHNLNM_SUM,only in Snowflake
REP_US_SUGGESTION,only in Snowflake
FACT_DEFRD_RVNU_CNTRCT_FULL_BILL_PLAN,overlap
ETRUST,only in Snowflake
FACT_TM_PD_BNDRY_NM_PCMDTY_CLAIM_SUM,only in Snowflake
MAP_CUST_PAR_RAD_FR,overlap
REP_COMMERCIAL_SUGGESTION_VERSO_RAD,only in Snowflake
REP_MED_CAMPAIGN_TC_CMBND3_SENTIMENT,only in Snowflake
MDM_CDP_GEOGRAPHY_ZIPCODE,only in Snowflake
DP_SAP,only in Snowflake
REP_KEY_MESSAGE_ACTIVITY_PRESENTATION_YEAR,only in Snowflake
REP_TOTAL_SALES_DE2,only in Snowflake
REF_PROML_PROD_CATG_TYP,overlap
REP_EER_MARKET_PROGNOSIS,only in Snowflake
DIM_PROD,overlap
REP_CUSTOMER_SUBNTNL_DAILY_INTR_SALE_PROD_HIERARCHY_STAT_MOD_RAD,only in Snowflake
MAP_GEO_TERRITORY_RAD_NZ,only in Snowflake
REP_JOURNEY_ACTIVITIES_COMBINED_JOURNEY,only in Snowflake
DIM_LCL_CNTRCT_FAMILLE,overlap
MAP_CUST_PAR_RAD_TH,only in Snowflake
MAP_BRICK_READINS,overlap
MAP_SFORCE_BNDRY_ASGN,overlap
BUDGET_PHARMA_IN_VOLUME_NET_VALUE_PER_MONTH__NET_VALUE,only in Snowflake
FACT_MTHLY_LLLHANM_LLBNDRYNM_PPCMDTYNM_SUM,only in Snowflake
FACT_MTHLY_PRODAK5_SOBAK2_SUM,overlap
BHC_0267_PH_COACHING_DAYS_JRV__PLAN,only in Snowflake
FACT_WKLY_BNDRYAK2_PCMDTYAK4_SUM,overlap
FACT_MTHLY_MKT_BNDRY_PRODNM_SUM,overlap
INT_FACT_MTHLY_BNDRY_PROD_CHNL_SUM,only in Snowflake
REP_ACCOUNT_UNIVERSE,only in Snowflake
REP_APPROVED_EMAIL_CYCLE_DATA,only in Snowflake
REP_E2E_TARGETS,only in Snowflake
MAP_PRODUCT_VOL_CONV_FACTOR_TR,overlap
REP_EMAIL_NEWSLETTER_CORE_MESSAGE,only in Snowflake
REF_JPC_IQVIA_TDMS_IQV_FL_JRSR,only in Snowflake
REP_KEY_MESSAGE_ACTIVITY_YEAR,only in Snowflake
FACT_DAILY_WHSLR_CUST_PROD_SECDY_SALE_SUM_AU,only in Snowflake
OUTLET,only in Snowflake
REF_FR_TNN_MAP_TERRITORY_HIERARCHY,only in Snowflake
ADDRESS_SC,only in Snowflake
WEB_DATA_ANALYSIS__USER_ACTIVITY,only in Snowflake
REP_CERTIFICATION,only in Snowflake
FACT_MTHLY_BNDRYAK2_ORGAK2_PRODAK11_COMPTR_ACTL_VAL_IND_SUM,overlap
REP_ENGAGEMENTS_OVERVIEW_PPOC_RAD,only in Snowflake
MDS_SOURCE,only in Snowflake
REP_EOL_GLOBAL_FILTERS,only in Snowflake
REP_LOCAL_MARKET_IT,only in Snowflake
DP_NTNL_RX,only in Snowflake
REP_ACCOUNT_CONSENT_HIST_V3,only in Snowflake
ACCESSS_CONTROL_REP_AGG_RLS,only in Snowflake
REP_APPROVED_EMAIL_ACTIVITY_BASE_RAD,only in Snowflake
FACT_MTHLY_BNDRYNM_SWF_PRODNM_SWT_PRODNM_SUM,overlap
ULTMARC_TDT_KGF_INS_HP,only in Snowflake
FACT_MTHLY_BNDRYNM_PCMDTY_SUM,overlap
MSS_TDM_KOL,only in Snowflake
JDNET_TCT_WSINV_TABLE,only in Snowflake
FACT_YRLY_BNDRY_PCMDTY_CHNL_SUM,overlap
BHC_0267_PH_RDO_SEG_AREA_SANITARIA__SHEET1,only in Snowflake
SECTORIZATION_FILE,only in Snowflake
REP_BRAND_ACTIVITY_INTERACTIONS_EMAILNEWSLETTER_BASE,only in Snowflake
DIM_POSITIVE_NEGATIVE_LIST,overlap
FACT_MTHLY_MKT_SUM_CATG_SUM,overlap
DIM_CLINICAL_TRIAL,overlap
REP_PIT_ACTUAL_CALLS_RAD,only in Snowflake
FACT_MTHLY_PROVDNG_OAC_RECV_OAC_PROD_PCMDTY_GRP_SUM,overlap
REP_C360_DVC_CNTRCT_SRVC_ACTY_RAD,only in Snowflake
JDNHINET_MDN_FCLTY_B_PIC,only in Snowflake
REP_MED_CAMPAIGN_TEMP,only in Snowflake
MAP_TERRITORY_CWID_RLS_RAD,overlap
REP_MED_SENTIMENT,only in Snowflake
FACT_SUGGESTION_FACTOR,overlap
BHC_ALIGNMENT_WH_TSA,only in Snowflake
FACT_MTHLY_PRODAK11_SOBAK2_TRTMT_COND_CATG_SUM,overlap
FACT_TM_PD_UKALHP_BNDRYNM_OAC_PRODNM_SUM,only in Snowflake
MDS_MARKET,only in Snowflake
BHC_0267_PH_PONDERACION_SEGMENTACION_DIGITAL__SEGMENTO_ADOPCION_2DA_PREGUNTA,only in Snowflake
INT_FACT_MTHLY_BNDRYAK4_PCMDTYAK6_SUM,only in Snowflake
PH_DISTRIBUTION_CENTER_LIST,only in Snowflake
MAP_PROD_INGRD,overlap
MONTHLY_BAYER_BRICK_MASTER_DATA__TEAMMARKET,only in Snowflake
FACT_TM_PD_BNDRYAK2_PRODAK5_DOT_SUM,overlap
NEXAPLANNER__NEXAPLANNER,only in Snowflake
REP_EER_MARKET_PROGNOSIS_V2,only in Snowflake
ULTMARC_TDM_PREF_MED_INF,only in Snowflake
REP_B360_SEGMENTATION,only in Snowflake
REP_KEY_MESSAGE_ACTIVITY_CORE_MESSAGE_YEAR,only in Snowflake
DIM_HCO_PIC,only in Snowflake
REF_PROML_PROD_CATG_GRP_TYP,overlap
REP_CP_CROSS_CHANNEL_CORE,only in Snowflake
FACT_MTHLY_BNDRYNM_PCMDTY_CHNL_SUM,overlap
REP_LOCAL_MARKET_DE2,only in Snowflake
MAP_EVENT_NOTE,overlap
REP_BRAND_ACTIVITY_INTERACTIONS_FACTFIELDDAY_BASE,only in Snowflake
REP_F2F_AND_REMOTE_CALL_CYCLE_AFTER2020,only in Snowflake
REP_E2E_ACTIVITY_BASE,only in Snowflake
FACT_MTHLY_ORGNM_PCMDTYAK17_SUM,overlap
REF_AC_CATG,overlap
IQVIA_GEOREPORTINGCLASSIFICATION,only in Snowflake
FACT_MTHLY_FR_BNDRY_TO_BNDRY_REAL,overlap
REP_MED_JOURNEY_SUGGESTION_ACTIVITY,only in Snowflake
GERS_ATC_MODALITY,overlap
REP_ALL_CHANNEL_ACTIVITY_W_CORE_MESSAGE_RAD,only in Snowflake
FACT_MTHLY_RXER_PRODAK8_SOB_SUM,overlap
REP_BRAND_ACTIVITY_CONSENT,only in Snowflake
MAP_SUBSTN_STRC,overlap
REF_CLINSTDY,overlap
MAP_ZINDEX_PCMDTY,overlap
MAP_PROD_LN_LIFE_CYCL_MOD_RAD_TH,only in Snowflake
REP_ALL_CHANNEL_ACTIVITY_W_CORE_MESSAGE,only in Snowflake
REP_MSL_SENTIMENT_2_DE,only in Snowflake
BHC_0267_PH_CONSIDERACIONES_PFI__PRODUCTOS_MUSTWIN,only in Snowflake
REP_ACTUAL_CALLS_NEW_NORMAL_WEEKLY_MONTHLY,only in Snowflake
REF_PROML_MCOND_TYP_CATG,overlap
FACT_MTHLY_SFORCEAK3_ORGAK7_CHNL_SUM,overlap
DIM_EVENT,overlap
REP_APPROVED_EMAIL_RAD,only in Snowflake
FACT_TM_PD_PCMDTY_CHNLAK2_SUM,overlap
SECURITY_TERRITORY_HIERARCHY,overlap
DIM_PRODUCT_DETAIL,only in Snowflake
REF_JPC_IQVIA_TMMS_IQV_BHCMARKET,only in Snowflake
JDNHINET_MDZ_FCLTY_WSORG,only in Snowflake
DIM_EVENT_REQUESTER,overlap
BHC_0267_PH_CODIFICACIONES_OI_EXCLUIDAS__EXCLUSIONES,only in Snowflake
DIM_COUNTRY,overlap
FACT_MTHLY_BNDRYNM_PCMDTY_SPCL_SUM,overlap
MAP_MKT_AC_SALE_ALLOC_SET,overlap
FACT_MTHLY_BNDRY_PROD_SPCL_CLIENT_DDDOSE_RNG,overlap
REF_JPC_IQVIA_TDMS_IQV_OVERVIEW,only in Snowflake
REF_JPC_REBATE_TRT_N_SS_RBT_CAMP,only in Snowflake
REF_JPC_ONHTTS_MTMS_TTS_DOCTOR_REF,only in Snowflake
MAP_MOBL_USER_ASGNT,overlap
FACT_TM_PD_BNDRYAK5_MEDPRO_TYP_SPCL_SUM,overlap
REP_B360_PROMOTIONAL_PERFORMANCE,only in Snowflake
REF_HERBL_PROD_CATG,overlap
MAP_PROD_LN_LIFE_CYCL_MOD_RAD_AU,only in Snowflake
BV_PART_TIME_EMPLOYEES_PMA__SHEET1,only in Snowflake
MDS_INNERTERRITORY,only in Snowflake
REF_SCANNER_COUNT_JP,only in Snowflake
ULTMARC_TDM_SHT_STY_OP,only in Snowflake
REF_PROM_CATG,overlap
MAP_PROD_HIERARCHY_RAD_FR,only in Snowflake
BHC_0267_PH_DEFINICION_KPIS_GLOSARIO__DEFINICIONES,only in Snowflake
FACT_FIELD_DAY,overlap
REP_APPROVED_EMAIL_BASE,only in Snowflake
FACT_TM_PD_PRODAK5_FRMLRY_REIMBMNT_CATG_SOBAK2_SUM,overlap
HCO_LOCATION_MAP_ACCOUNT_TERRITORY,only in Snowflake
REP_TARGETS__REP_TARGETS,only in Snowflake
SALES_REP_BRICK__SALES_CUBE_2,only in Snowflake
MAP_MTRL_UNIT,overlap
AE_NL_IT__APPROVED_EMAIL_NL,only in Snowflake
DIM_DYNAMIC_ATTRIBUTE,overlap
MSS_TDM_AGE_CLASS,only in Snowflake
FACT_WKLY_BNDRYAK7_PCMDTY_SUM,overlap
INT_FACT_MTHLY_BNDRYAK4_PCMDTYAK6_CHNLAK2_SUM,only in Snowflake
FACT_QTRLY_RGMN_SUBSTN_DIAG_COND_SUM,overlap
FACT_MTHLY_BNDRYCD_ATC_TRANS_DCATG_SSTDY_SUM,overlap
MSS_TDM_INST_GEO,only in Snowflake
DIM_ACCOUNT_UPD_NC_ACCOUNT_NPI_NUM,only in Snowflake
FACT_MTHLY_PCMDTY_CHNL_SUM,overlap
REP_LOCAL_MARKET_CA1,only in Snowflake
REP_CP_APPROVED_EMAIL_OVERVIEW_CORE,only in Snowflake
REP_DUOS,only in Snowflake
REP_C360_CHANNEL_ENGAGEMENT,only in Snowflake
REP_BRAND_ACTIVITY_SUGGESTIONS,only in Snowflake
MAP_PROD_LN_LIFE_CYCL_MOD_RAD_RU,only in Snowflake
FACT_MTHLY_BNDRYAK4_PCMDTYAK17_CHNLAK2_SUM,overlap
LINK_PRODUCT_SAP_IMS__SHEET1,only in Snowflake
FACT_MTHLY_BNDRYAK4_PCMDTYAK6_SUM,overlap
BHC_0267_PH_CONSIDERACIONES_PFI__CONTACTOS_PFI,only in Snowflake
REF_MAIL_MTRL_TOPIC_CATG,overlap
FACT_MKT_PRGNS_GLBL,overlap
MAP_TERRITORY_HIERARCHY_HIST,only in Snowflake
FACT_TM_PD_BNDRYAK4_AC_TYPAK2_ORGAK6_PCMDTY_CHNLAK2_SUM,overlap
FACT_SAMPLE_LIMIT,overlap
FACT_TM_PD_PRODAK5_FRMLRY_REIMBMNT_CATG_DOT_SUM,overlap
DIM_ACCOUNT_PLAN,overlap
REP_CUSTOMER_MAP_GEO_SALE_TERRITORY_RAD,only in Snowflake
REP_PRODUCT_HIERARCHY,only in Snowflake
REP_ACTUAL_CALLS_BASE,only in Snowflake
REF_JPC_IQVIA_TMMS_IQV_DDD_DCFCONVERT,only in Snowflake
REF_JPC_ULTMARC_ULT_TABLE03,only in Snowflake
DIM_HR_COREX,overlap
DIM_OVERVIEW_GLOBAL_CONTENT_DEVELOPED,only in Snowflake
ALL_ZIP_TO_TERR_US_SUGGESTION,only in Snowflake
REFERENCE_JPC_VEEVA_TVT_CALL_KEY_MSG,only in Snowflake
MAP_CUST_PAR_RAD_NZ,only in Snowflake
MDS_INNERTERRITORIESMAP,only in Snowflake
REP_REMOTE_CALLS_V2,only in Snowflake
REP_MED_ERF_SURVEY,only in Snowflake
ULTMARC_TDM_KGF_NRS,only in Snowflake
REF_JPC_IQVIA_TMMS_IQV_DEV_SEGMENT,only in Snowflake
BHC_0267_PH_PONDERACION_SEGMENTACION_DIGITAL__1RA_PREGUNTA,only in Snowflake
MARKETFACTORMONTHLY__MARKETCONVERSION,only in Snowflake
DATASOURCE,only in Snowflake
REP_MAP_TERRITORY_CWID,only in Snowflake
REF_PROML_CTCT_CUR_PSCRNG_FREQ_CATG,overlap
TABLE_TP_POINTS,only in Snowflake
MAP_GEOGRAPHY_HDSC_PL,overlap
FACT_CAMPAIGN_TARGET,overlap
FACT_ACTL_BUDG_FCST_LEGAL,overlap
WEEKLY_BAYER_BRICK_MASTER_DATA__TEAMMARKET,only in Snowflake
REP_EER_SALES_SUMMARY,only in Snowflake
MAP_DS_PUBL_LOG,overlap
MDS_BUNIT,only in Snowflake
FACT_EDETAILING_M3_MSG,only in Snowflake
FACT_TM_PD_BNDRYAK2_PRODAK5_SOBAK2_AGE_GRP_SUM,overlap
REP_CP_CALL_DETAIL_SAT,only in Snowflake
REP_CP_CALL_OVERVIEW_CORE_2,only in Snowflake
MAP_PROD_ATC,overlap
REF_PROML_MT_PRMTR_ORG_REL_TYP,overlap
MAP_GEO_TERRITORY_RAD_IT,overlap
DIM_CPH_CONSNT_CDP_EXPRY_DATE,only in Excel
SECURITY_TERRITORY_HIERARCHY_TEMP,only in Snowflake
FACT_MTHLY_ATC_DLVRBL_SUM,overlap
TERRITORY_STRUCTURE_MK_V2__ONKO,only in Snowflake
FACT_QTRLY_AC_TYP_MKTAK19_PCMDTYAK24_SUM,overlap
BERGAPOTHEKE_BERGAPOTHEKE_MAPPING,only in Snowflake
2_SALES_OBJECTIVE__OBJETIVOS,only in Snowflake
MAP_DISMISSAL_MAPPING_PARENT_CHILD,only in Snowflake
FACT_MTHLY_BNDRYAK2_OACAK3_PRODAK11_SUM,overlap
