Modeling Layer,Status
S_VEV_SUGGESTION_FEEDBACK,overlap
S_VEV_EXPENSE_TYPE,only in Snowflake
S_IQVIA_HDSC_WKLY_BNDRY_AC_TYP_PRMTR_DISTR_MKT_SUM_CATG_PCMDTY_SUM,overlap
S_VEV_CLM_PRESENTATION,overlap
S_VEV_CLM_PRESENTATION_SLIDE,overlap
BR_ACCOUNT_TERRITORY_TABLE,only in Snowflake
S_IQVIA_HDSC_MTHLY_PCMDTY_SPCLAK2_GENDER_AGE_GRP_RX_CATG_SUM,overlap
S_IQVIA_HDSC_QTRLY_PRODAK11_MED_CLAS_SOBAK3_SPCLAK3_MEDPRO_RX_TYP_SUM,only in Snowflake
S_IQVIA_HDSC_MTHLY_BNDRYNML_PCMDTY_CHNLNM_SUM,overlap
S_IQVIA_HDSC_SALES_REP_EMAIL_SNT_CATG,overlap
S_IQVIA_HDSC_MTHLY_AC_TYPAK2_CORP_OWN_ORGAK6_PRMTR_ORGAK6_PCMDTYAK25_SPCLAK2_PROM_DETL,only in Snowflake
S_SAP_ELSA_MD_FACT_ITM_H2R,overlap
S_IQVIA_HDSC_RX_FILL_TYP,overlap
S_SAP_DEFRD_RVNU_CNTRCT_AMSMASOBI,only in Snowflake
S_CARENET_TDM_EVM_WEBCONF_CNET,only in Snowflake
S_REF_EXCLUSION_TGLIST_JP,only in Snowflake
S_VEV_MC_CYCLE_PRODUCT,overlap
S_SAP_FLD_SRVC_PRODCTVTY_AMSMACOST,overlap
S_SAP_ELSA_MD_DS_CNTRY_H2R,overlap
S_IQVIA_HDSC_PROML_DETLG_DEVICE_TYP,overlap
S_SEVERAL_DATA_FEEDS_AC,overlap
S_GA_SESSIONS_HITS_PRODUCTS,only in Snowflake
S_IQVIA_HDSC_MTHLY_PCMDTY_CHNL_SUM,overlap
S_M3_TDM_DGM_MSG_OLD,only in Snowflake
S_IQVIA_HDSC_WKLY_PROVDNG_OAC_RECV_OAC_PROD_PCMDTY_GRP_SUM,overlap
S_NHS_BNF_PROD_HIERY_WLS_SC,overlap
S_ALN_FIELD_FORCE_HIST,only in Snowflake
S_EURYDICE_LCL_CNTRCT_PROD,overlap
S_GERS_GER_SAL_NAT_DOMTOM_QUANTI_REFUND_STAT,overlap
S_VEV_SURVEY_TARGET,overlap
S_VEV_CONTRACT_LINE,overlap
S_EURYDICE_LCL_CNTRCT_CONTACT,overlap
S_IQVIA_HDSC_MTHLY_BNDRYAK2_OACAK3_PRODAK11_SUM,overlap
S_VEV_SWOT,only in Snowflake
S_IQVIA_HDSC_TM_PD_BNDRYAK2_PRODAK5_SOBAK2_RECUR_GRP_SUM,overlap
S_VEV_SAMPLE_INVENTORY,overlap
S_IQVIA_HDSC_MTHLY_BNDRYAK7_PCMDTY_TRANS_DCATGAK2_SUM,overlap
S_GA_SESSIONS_HITS_PRODUCT_CUSTOM_METRIC,only in Snowflake
MAP_CONT_TACT_CAMP_MAPPING_FILE,only in Snowflake
S_GERS_GER_SAL_NAT_MIXT_QUANTI_QUALI_COMPLEMENT,overlap
S_MSS_TCT_PIC_SS_PLAN,only in Snowflake
S_IQVIA_HDSC_MTHLY_AC_AC_TYPAK2_BNDRYAK2_PCMDTYAK23_SUM,overlap
S_IQVIA_HDSC_AC_TYP,overlap
S_VEV_CONSENT_LINE,only in Snowflake
S_VEEVA_TMMS_CRM_ADDR_TRRTRY,only in Snowflake
S_IQVIA_HDSC_OTC_PROD_CATG,overlap
S_VEV_SAMPLE_INVENTORY_ITEM,overlap
S_IQVIA_HDSC_MTHLY_AC_REAL,only in Snowflake
S_GERS_GER_SAL_NAT_DOMTOM_QUANTI_CLAS_ATC,overlap
S_IQVIA_HDSC_PROD_SPCL_CLIENT_DDDOSE_RNG,overlap
S_SAP_H2R_MD_VE_VNDR_VIEW_001,only in Snowflake
S_IQVIA_HDSC_MTHLY_PRODAK11_SOBAK2_TRTMT_COND_CATG_SUM,overlap
S_EXTA_IMCM_PH_JOBSMASTER,overlap
S_VEV_CALL2_DISCUSSION,overlap
S_GERS_GER_SAL_NAT_OFFICINE_QUANTI_REFUND_RATE,overlap
S_IQVIA_HDSC_MTHLY_AC_BNDRYAK4_RGMN_PROD_SPCLAK6_RGMN_SOBAK2_SUM,overlap
S_IQVIA_HDSC_OAC_CLIENT_BNDRY_ASSC,overlap
S_IQVIA_HDSC_PROML_CNTNT_QLTY_RTNG,overlap
S_IQVIA_HDSC_PROD_ATC,overlap
S_MDM_PROD_GRP_ALT_NM,overlap
S_THIRD_PARTY_HIRA_REIMBMNT_DATA_BNDRY_ASSC,overlap
S_IQVIA_HDSC_MTHLY_BNDRYCD_PCMDTY_TRANS_DCATG_SSTDY_SUM,overlap
S_VEV_CALL2_SAMPLE,overlap
S_NHS_PRAC_LOC_SC,overlap
S_IQVIA_HDSC_WKLY_BNDRYAK2_PCMDTYAK27_SUM,only in Snowflake
S_SAP_TDM_USR_MDC_SALES_COST_ELEMENT,only in Snowflake
S_GERS_GER_CHNL,only in Snowflake
S_IQVIA_HDSC_MTHLY_PRODAK11_SW_RSLT_PRODAK11_SOBAK2_TRTMT_COND_CATG_LTH_SEQ_SUM,overlap
S_IQVIA_HDSC_MTHLY_BNDRY_AC_TYP_SUM,overlap
S_GA_SESSIONS_CUSTOM_VARIABLE,only in Snowflake
S_VEV_TERRITORY_REFRESH,only in Snowflake
S_SAP_TCT_DAILY_SLIP,only in Snowflake
S_ALN_FOOTPRINT_GEOGRAPHY,only in Snowflake
S_SAP_ELSA_MD_DS_DT_TM_DIM,overlap
S_VEV_TSF,overlap
S_IQVIA_HDSC_MTHLY_BNDRY_MKT_PGRP_CHNL_SUM,overlap
S_GERS_GER_SAL_NAT_DOMTOM_QUANTI_GRP_DCI,only in Snowflake
S_INTERNAL_DE_EXTL_DLR_SALES_DATA_PCMDTY,overlap
S_IQVIA_HDSC_MTHLY_FR_BNDRY_TO_BNDRY_REAL,overlap
S_GERS_GER_SAL_SIG_UGA_OFF_MKT_COMPOSN,overlap
S_IQVIA_HDSC_QTRLY_PCMDTYAK4_SPCLAK3_SUM,only in Snowflake
S_GMDA_GLOCON,overlap
S_SAP_BKA_SERVICE_ACTIVITY_REVENUE,only in Snowflake
S_IQVIA_HDSC_MTHLY_BNDRYAK4_PCMDTYAK6_CHNLAK2_SUM,overlap
S_IQVIA_HDSC_TM_PD_PRODAK5_FRMLRY_REIMBMNT_CATG_SOBAK2_CLAIM_CNT_GRP_SUM,overlap
S_GERS_GER_STATHOP_STDY_RSLT,overlap
S_IQVIA_HDSC_MAT_RXER_PRODAK8_SOB_SUM,overlap
S_IQVIA_HDSC_TM_PD_BNDRYAK2_PCMDTYAK23_SPCLAK2_GENDER_AGE_GRP_RX_CATG_SUM,overlap
S_VEV_METRIC_CONFIGURATION,overlap
S_IQVIA_HDSC_MTHLY_FR_AC_TO_AC_REAL,only in Snowflake
S_GLBL_CONSNT_MDL_DATA_SBJCT_PURPS_TRANS,only in Excel
S_IQVIA_HDSC_TM_PD_BNDRYAK2_PCMDTYAK23_SPCLAK2_GENDER_AGE_GRP_RX_ORIGNTN_CATG_SUM,overlap
S_SAP_FSR_DETL_AMSMABPD,only in Snowflake
S_IQVIA_HDSC_MTHLY_BNDRYAK5_PRODAK5_SW_RSLT_PRODAK5_SOBAK2_TRTMT_OUTCM_COND_CATG_SPCLAK4_TRANS_DCATGAK2_SUM,overlap
S_CVENT_EVENT_CUSTOMFIELDDETAIL,overlap
S_IQVIA_HDSC_AC_CATG,overlap
S_IQVIA_HDSC_MTHLY_BNDRYAK4_PRODAK5_SPCLAK6_SOBAK2_GENDERAK2_AGE_DOT_SUM,overlap
S_VEV_PW_W9_INFORMATION,overlap
S_GERS_GER_SAL_NAT_OFFICINE_QUANTI_QUALI,overlap
S_IQVIA_HDSC_MTHLY_BNDRYCD_PCMDTY_TRANS_DCATG_SPCL_SUM,overlap
S_ALN_TERRITORY_HISTORY,only in Snowflake
S_STD_PH_MKTG_MEDIA,only in Snowflake
S_ALN_ROSTER_MEMBER,overlap
S_IQVIA_HDSC_MTHLY_AC_TYP_CORP_OWNNM_PRMTRNM_PCMDTYAK13_CHNL_SPCL_PROM_DETL,overlap
S_IQVIA_HDSC_MTHLY_BNDRYAK4_PCMDTYAK17_CHNLAK2_SUM,overlap
S_IQVIA_HDSC_HOMEOPC_PROD_CATG,overlap
S_VEV_AFFILIATION,overlap
S_NHS_FACT_NHS_RX,overlap
S_IQVIA_HDSC_MTHLY_AC_AC_TYP_PROD_PCMDTY_GRP_BNDRY_MVST_SUM,overlap
S_SAP_H2R_COOM_PH_JAPAN_CDP_VIEW_001,only in Snowflake
S_GERS_GER_SAL_NAT_OFFICINE_QUANTI_PHMCL_FORM,overlap
S_IQVIA_HDSC_ORG_ROLE,overlap
S_IQVIA_HDSC_MTHLY_AC_TYP_ENGMNT_ORG_PRODNM_SPCL_PROM_DETL_SUM,overlap
S_IQVIA_HDSC_CLIENT_NETWORK_BNDRY_ASSC,overlap
S_CDIS_EXTERNAL_KEY,only in Snowflake
S_GERS_GER_SAL_NAT_HOSPITAL_QUANTI_GRP_LBTY,overlap
REF_COPA_SALES_MONTHLY,overlap
S_IQVIA_HDSC_AC,overlap
S_IQVIA_HDSC_MTHLY_AC_TYP_ENGMNT_ORG_PRODNM_PROD3_INGRD_SPCL_PROM_DETL,overlap
S_THIRD_PARTY_HIRA_REIMBMNT_DATA_CHNL,overlap
S_GA_SESSIONS_PROMOTION,only in Snowflake
S_MSS_TCM_SECT_NM,only in Snowflake
S_IQVIA_HDSC_MVST_TYP,overlap
S_IQVIA_HDSC_MTHLY_AC_TYP_PCMDTYAK24_SUM,overlap
S_SAP_TDM_USR_MDC_CWID_CC_MAP,only in Snowflake
S_IQVIA_HDSC_MTHLY_BNDRYAK7_PCMDTY_SPCLAK3_SUM,overlap
S_EURYDICE_LCL_CNTRCT_CLIENT,overlap
S_IQVIA_TTMS_IQV_JPM_ARCH,only in Snowflake
S_VEV_TERRITORY,overlap
S_VEV_MC_CYCLE_PLAN,overlap
S_VEV_ACCOUNT_PLAN,overlap
S_GERS_GER_SAL_NAT_DOMTOM_QUANTI_LBTY_HIST,only in Snowflake
S_IQVIA_HDSC_PROML_DETLG_SMPL_USE_CATG,overlap
S_IQVIA_HDSC_WKLY_BNDRYAK7_PCMDTY_SUM,overlap
S_IQVIA_HDSC_PROML_ENGMNT_TYP,overlap
S_IQVIA_HDSC_LCL_CLAS,overlap
S_IQVIA_HDSC_MAT_BNDRYAK7_RXER_PRODAK8_SOB_SUM,overlap
S_IQVIA_HDSC_MTHLY_PROVDNG_OAC_RECV_OAC_PROD_PCMDTY_GRP_SUM,overlap
S_MDM_MEDCNL_PROD_ALT_NM,overlap
S_IQVIA_HDSC_MTHLY_PRODAK11_SOBAK2_TRTMT_COND_CATG_LTH_SEQ_SUM,overlap
S_GERS_GER_SAL_NAT_OFFICINE_QUANTI_LBTY,overlap
S_SAP_FSR_DETL_AMSMATAS,overlap
DATABASECHANGELOG,only in Snowflake
S_IQVIA_HDSC_PROML_DETLG_SUCC_CATG,overlap
S_IQVIA_HDSC_MTHLY_LHANML_BNDRYNML_PPCMDTYNM_SUM,overlap
S_IQVIA_HDSC_OAC,overlap
S_GERS_GER_SAL_NAT_MIXT_QUANTI_ADMN_RTE,overlap
S_ALN_GEOGRAPHY_TERRITORY,overlap
S_VEV_STAKEHOLDER_PUBLICATION,overlap
S_IQVIA_HDSC_PROD,overlap
S_ALN_ACCOUNT_TERRITORY_MODEL,only in Snowflake
S_IQVIA_HDSC_LTH_SEQ,overlap
S_IQVIA_HDSC_MTHLY_BNDRY_PCMDTY_CHNLAK2_SPCL_SUM,overlap
S_IQVIA_HDSC_MTHLY_BNDRY_PCMDTY_MVST_SUM,overlap
FACT_WEB_CHANNEL_ACTIVITY,only in Snowflake
MAP_PROD_MAPPING_FILE,only in Snowflake
S_IQVIA_HDSC_TM_PD_PCMDTY_CHNLAK2_SUM,overlap
S_IQVIA_HDSC_IT_DIAG_INSIGHT_DETL,overlap
S_INTERNAL_TH_SECDY_SALE_TH,only in Snowflake
S_VEV_GROUP_TABLE,overlap
S_SAP_CNTRCT_BILL_PLAN_OVRVW_AMSMASOBI,overlap
S_GERS_GER_SAL_NAT_DOMTOM_QUANTI_LISTE,only in Snowflake
S_IQVIA_HDSC_TM_PD_SW_PRODAK5_FRMLRY_REIMBMNT_CATG_SOBAK2_SUM,overlap
S_CVENT_BUDGETITEM_GRATUITY,overlap
S_IQVIA_HDSC_PUR_CNTRCT,overlap
S_REF_SCANNER_COUNT_JP,only in Snowflake
S_GERS_GER_DOT,overlap
S_VEV_EXPENSE_ATTRIBUTION,overlap
S_EURYDICE_LCL_CNTRCT_MARCHE,overlap
S_VEV_MEDICAL_DISCUSSION,overlap
S_GERS_GER_SAL_NAT_MIXT_QUANTI_INDICATEUR_BIOSIMILAIRE_BIOREFERENT,overlap
S_IQVIA_HDSC_QTRLY_RGMN_SUBSTN_DIAG_COND_SUM,overlap
S_IQVIA_HDSC_QTRLY_RGMN_SUBSTN_LTHAK2_DIAG_COND_SUM,overlap
MAP_EVNT_MAPPING_FILE,only in Snowflake
S_EURYDICE_LCL_CNTRCT_SCTR,overlap
S_IQVIA_HDSC_MTHLY_AC_BNDRYAK4_RGMN_PROD_PRODAK5_SWF_PRODAK5_SPCLAK6_RGMN_SOBAK2_PROD_SOBAK2_SUM,overlap
S_CVENT_INVITEE,overlap
S_IQVIA_HDSC_PROML_CTCT_CUR_PSCRNG_FREQ_CATG,overlap
FIA_PW_SPEAKER,only in Snowflake
S_M3_TDM_DGM_MYMR_MSG,only in Snowflake
S_PW_CONTRACT,only in Snowflake
S_VEV_PERMISSION_SET,only in Snowflake
S_IQVIA_HDSC_QTRLY_PRODAK9_SOB_THPY_STRT_MEAS_SUM,overlap
S_BERGAPOTHEKE_BERGAPOTHEKE_SALES,overlap
S_IQVIA_HDSC_MTHLY_ORGNM_PCMDTYAK14_FCN_SPECLSM_TYPNM_SUM,overlap
S_VAULT_IMCM_WORKFLOWS,overlap
S_ALN_TERRITORY_FOOTPRINT,only in Snowflake
S_IQVIA_HDSC_PROM_CATG,overlap
S_MDM_PROD_GRP_ADDL_ATT,overlap
S_VEV_CONTRACT_PARTNER,overlap
S_IQVIA_HDSC_MTHLY_BNDRYAK4_MKTAK5_PRODAK5_SPCLAK3_SOBAK2_RX_FILL_TYP_SUM,overlap
S_CVENT_BUDGETITEM_TAX_NUMBER,overlap
S_ULTMARC_TDM_DCF_INST_UNI,only in Snowflake
S_VEV_HCO,overlap
S_IQVIA_HDSC_MTHLY_BNDRYNM_PCMDTY_SUM,overlap
S_PHARMALINK_PHARMALINK_INTRVN_SALE_BRICK,overlap
S_GERS_GER_SAL_NAT_DOMTOM_QUANTI_IND_GENERIC_BRAND_DCI,overlap
S_THIRD_PARTY_HIRA_MKT_DATA_BNDRY,overlap
S_IQVIA_HDSC_INDCTN_FOR_USE_CATG,overlap
S_IQVIA_HDSC_MTHLY_BNDRY_PROD_RX_ORIGNTN_SUM,only in Snowflake
S_IQVIA_HDSC_MTHLY_AC_CATG_PCMDTY_CHNL_SUM,overlap
S_IQVIA_HDSC_MTHLY_BNDRY_PCMDTY_RX_ORIGNTN_SUM,only in Snowflake
S_VAULT_REGION,overlap
S_VEV_SENT_EMAIL,overlap
S_VEV_SAMPLE_LOT,overlap
S_IQVIA_HDSC_TM_PD_ORGAK6_PCMDTYAK4_MED_CLAS_SOBAK3_SPCLAK3_MEDPRO_RX_TYP_SUM,overlap
S_IQVIA_HDSC_PO,overlap
S_IQVIA_HDSC_WKLY_LLBNDRYNM_PPCMDTYNM_CHNL_SUM,only in Snowflake
S_ULTMARC_TDM_DCF_INST_DR,only in Snowflake
S_VEV_SUGGESTION_TAG,overlap
S_GERS_GER_ORIGIN_RAD,overlap
S_GA_SESSIONS_CUSTOM_METRICS,only in Snowflake
S_IQVIA_HDSC_MTHLY_BNDRYNM_PCMDTYNM_STRNT_SPCLNM_SUM,overlap
S_IQVIA_HDSC_MTHLY_BNDRYAK2_MKT_GRPAK5_PCMDTY_SPCL_SUM,overlap
S_MSS_TCM_ITEM,only in Snowflake
S_IQVIA_HDSC_TM_PD_PRODAK11_SRVY_SUM,overlap
S_IQVIA_HDSC_PROML_CHNL_TYP,overlap
S_IQVIA_HDSC_WKLY_PCMDTYAK23_SUM,overlap
S_ALN_ACCOUNT,overlap
S_SAP_ELSA_SCL_MM_ALL_MCH1_PH_CDP_INTFC,overlap
S_THIRD_PARTY_BRICK_COUNTRY_DATA_PCMDTY,only in Snowflake
S_IQVIA_HDSC_MTHLY_AC_TYP_ORGACRO_PCMDTY_FORM_STRNT_ATC_UNIT_PRC_SUM,overlap
S_IQVIA_HDSC_PROML_ENGMNT_GRP_TYP,overlap
S_SAP_FSR_DETL_AMSMADISC,overlap
S_VEV_USERROLE,only in Snowflake
S_IQVIA_HDSC_MTHLY_BNDRYAK4_PRODAK5_ATC_SUBSTNAK2_REIMBMNT_SUM,overlap
S_IQVIA_HDSC_PROD_INGRD,overlap
S_IQVIA_HDSC_MTHLY_BNDRY_PROD_SUM,overlap
DATABASECHANGELOGLOCK,only in Snowflake
S_IQVIA_HDSC_PROML_DETLG_VIDEO_PLTFM_TYP,overlap
S_IQVIA_HDSC_TM_PD_PRODAK11_SOB_DIAG_LTH_SEQ_SUM,overlap
S_IQVIA_HDSC_DATA_MSK,overlap
S_IQVIA_HDSC_PROML_CTCT_PRMTR_QLTY_RTNG,overlap
S_IQVIA_HDSC_MTHLY_AC_TYP_ENGMNT_ORG_PROM_RNKG_SUM,overlap
S_MSS_TDM_INST_DR_TGT,only in Snowflake
S_SAP_TDM_USR_MDC_INTERNAL_ORDER,only in Snowflake
S_GERS_GER_SAL_NAT_MIXT_QUANTI_PAY,overlap
S_GERS_GER_SAL_NAT_DOMTOM_QUANTI_CLAS_EPHMRA,overlap
S_INTERNAL_SPAIN_BNDRY_ASSC,overlap
S_MSS_TDM_USR_WS_ORG_DISP_ORDER,only in Snowflake
FIA_STD_LIVERAMP_TTD_CLICKS_CONVERSIONS_IMPRESSIONS_NPLD,only in Snowflake
S_SAP_ELSA_MD_DS_SLS_ORG_H2R,overlap
S_VEV_ACCOUNT,overlap
S_IQVIA_HDSC_QTRLY_RXER_PRODAK8_SOB_SUM,overlap
S_VEV_MEDICAL_INSIGHT,overlap
S_THIRD_PARTY_HIRA_MKT_DATA_BNDRY_ASSC,overlap
S_IQVIA_HDSC_MTHLY_BNDRYNM_SUM,overlap
S_IQVIA_HDSC_MTHLY_BNDRYNML_ACTYPNML_ORGNM_PCMDTY_CHNLNM_SUM,overlap
S_IQVIA_HDSC_MTHLY_PCMDTY_DLVRBL_DETL,overlap
S_GERS_GER_SAL_NAT_OFFICINE_QUANTI_INDICATEUR_BIOSIMILAIRE_BIOREFERENT,overlap
S_IQVIA_HDSC_TM_PD_PRODAK11_PAT_CNT_CATG_SUM,overlap
S_GERS_GER_SAL_NAT_OFFICINE_QUANTI_IND_GENERIC_OPRT,overlap
S_VEV_ACCOUNT_TACTIC,overlap
S_IQVIA_HDSC_MED_CLAS,overlap
S_IQVIA_HDSC_TM_PD_AC_PCMDTY_FCN_SPECLSM_TYPAK2_SUM,only in Snowflake
S_IQVIA_HDSC_NFC_CLAS,overlap
S_INTERNAL_GB_SALES_TARGETS,only in Excel
S_IQVIA_HDSC_SFORCE_BNDRY_ASGN,overlap
S_IQVIA_HDSC_MTHLY_BNDRYAK4_RGMN_PROD_SWF_RGMN_PROD_SPCLAK6_RGMN_SOBAK2_GENDERAK2_AGE_SUM,overlap
S_IQVIA_HDSC_MTHLY_AC_TYP_ORGNML_SUM,overlap
S_CDIS_CONTACT_DETAILS,only in Snowflake
S_IQVIA_HDSC_CLINSTDY_PHASE,overlap
S_IQVIA_HDSC_MTHLY_CORP_OWNNM_PRMTRNM_PCMDTYAK13_CHNL_SPCL_MMEDIA_PROM_DETL,overlap
S_VEV_EM_VENUE,only in Snowflake
S_MSS_TCM_ITEM_UNIT_PRC,only in Snowflake
S_INTERNAL_DE_EXTL_DLR_SALES_DATA_AC,overlap
S_IQVIA_HDSC_PROML_MT_PRMTR_ORG_REL_TYP,overlap
S_MSS_TCM_INST_AGGR,only in Snowflake
S_NHS_BNF_PROD_HIERY_WLS,overlap
S_THIRD_PARTY_HIRA_ATC_MKT_DATA,overlap
S_GERS_GER_SAL_NAT_DOMTOM_QUANTI_GROUPE_BIOSIMILAIRE,overlap
S_VAULT_IMCM_DOCUMENT,overlap
S_IQVIA_HDSC_MTHLY_BNDRYAK7_PRODAK10_SUM,overlap
S_IQVIA_HDSC_OTHR_INDCTN_FOR_USE_CATG,overlap
S_IQVIA_HDSC_PROML_MED_COND_TYP_CATG,overlap
S_IQVIA_HDSC_MTHLY_ACAK7_PROD_PCMDTY_GRP_BNDRY_MVST_SUM,overlap
S_IQVIA_HDSC_TM_PD_BNDRY_NM_PCMDTY_CLAIM_SUM,overlap
S_THIRD_PARTY_MKT_DATA_SCHWAB_ADDR,overlap
S_SAP_FSR_OVRVW_WITH_RVNU_AMSMABPD,overlap
S_GERS_GER_SAL_NAT_MIXT_QUANTI_LBTY,overlap
S_VAULT_IMCM_PRODUCT,overlap
S_VEV_DYNAMIC_ATTRIBUTE,overlap
S_INTERNAL_POLAND_PCMDTY,overlap
S_AKT_SUGGESTION_DATA_TABLE,overlap
S_GERS_GER_SAL_NAT_HOSPITAL_QUANTI_ADMN_RTE,overlap
S_PHARMALINK_PCMDTY,overlap
S_GERS_GER_SAL_NAT_OFFICINE_QUANTI_PAY,overlap
S_VEV_DATA_CHANGE_REQUEST,only in Snowflake
S_IQVIA_HDSC_MTHLY_BNDRYCD_PRODAK10_TRANS_DCATG_SSTDY_SUM,overlap
S_IQVIA_HDSC_MTHLY_ORGNM_PCMDTYAK15_CHNL_LLSPCLNM_HC_PLN_SUM,overlap
S_IQVIA_HDSC_MTHLY_BNDRY_MKT_PGRP_SUM,only in Snowflake
S_IQVIA_HDSC_MTHLY_PCMDTY_SUM,overlap
S_VEV_CAMPAIGN,overlap
S_GERS_GER_SAL_NAT_DOMTOM_QUANTI_QUANTI,overlap
S_ULTMARC_TDM_PREF,only in Snowflake
S_ALN_FOOTPRINT,only in Snowflake
S_IQVIA_HDSC_MTHLY_PCMDTYAK27_CHNLAK2_SUM,overlap
S_MSS_TKM_GEN_PURP_CD,only in Snowflake
S_IQVIA_HDSC_QTRLY_AC_TYP_MKTAK19_PCMDTYAK24_SUM,overlap
S_VEV_MULTICHANNEL_CONSENT,overlap
S_IQVIA_HDSC_QTRLY_PRODAK11_MED_CLAS_SOBAK3_SUM,only in Snowflake
S_IQVIA_HDSC_ORG,overlap
S_VAULT_BINDER_DOCUMENT,overlap
S_VAULT_IMCM_CFV_RELATIONSHIPS,overlap
S_OPEN_SOURCE_REIMBMNT_AND_RX_DATA,overlap
S_NHS_BNF_PROD_CHEM_SUBSTN_SC,overlap
S_IQVIA_HDSC_MTHLY_BNDRYNM_PRODNM_SOB_TYP_SUM,overlap
S_IQVIA_HDSC_PRFSN_SPCL_BNDRY,overlap
S_VEV_CALL2_DETAIL,overlap
S_IQVIA_HDSC_TM_PD_ATC_SUM,overlap
S_THIRD_PARTY_MKT_DATA_SCHWAB_ACCNT,only in Snowflake
S_VEV_NOTE,overlap
S_CLM_PRESENTATION_JPC,only in Snowflake
S_BPN_TVM_DMP_MAIL_MAGAZINE,only in Snowflake
S_SAP_FSR_DETL_AMSMACONT,overlap
FIA_PW_EVENTFINANCIAL,only in Snowflake
S_CALL_JPC,only in Snowflake
S_NHS_CLNCL_CMIS_GRP_ENG,overlap
S_SAP_FSR_DETL_AMSMASOBI,only in Snowflake
S_MSS_TDM_PROCESS_DT,only in Snowflake
S_THIRD_PARTY_MKT_DATA_SCHWAB_CHNL,only in Snowflake
S_IQVIA_HDSC_TM_PD_BNDRYAK2_PRODAK5_RGMN_SUM,overlap
S_SAP_ELSA_MD_DS_DISTRBN_CHNL_H2R,overlap
FIA_PW_ATTENDEE,only in Snowflake
S_NHS_PRAC_LOC,overlap
S_SAP_MOBL_USER_ASGNT_AMSMATER2,overlap
S_IQVIA_HDSC_MTHLY_BNDRYNML_ORGNM_PCMDTY_CHNLNM_SUM,overlap
S_MSS_TCM_INST_ROLE,only in Snowflake
S_GERS_GER_SAL_NAT_MIXT_QUANTI_QUANTI_COMPLEMENT,overlap
S_GERS_GER_TM_PD,only in Snowflake
S_IQVIA_HDSC_PROML_PROD_DETL_ONLN_DSCVRY_METH_TYP,overlap
S_IQVIA_HDSC_QTRLY_PRODAK5_MED_CLAS_SUM,only in Snowflake
S_IQVIA_HDSC_HALF_MTHLY_BNDRYAK7_PCMDTY_CHNL_SUM,overlap
S_VAULT_IMCM_USERS,only in Snowflake
S_IQVIA_HDSC_SUBSTN,overlap
S_IQVIA_HDSC_MTHLY_BNDRYAK4_SFORCEAK2_PCMDTY_SUM,overlap
S_IQVIA_HDSC_PROML_DETLG_PURP_GRP_CATG,overlap
S_IQVIA_HDSC_MTHLY_BNDRYAK7_PCMDTY_CHNL_SUM,overlap
S_VEV_SYNC_TRACKING,overlap
S_IQVIA_HDSC_TM_PD_PRODAK11_SWF_PRODAK11_SOB_SUM,overlap
S_VEV_CONSENT_HEADER,overlap
S_GERS_GER_ORIGIN_SF,overlap
S_MSS_TCM_CALENDAR,only in Snowflake
S_SAP_MISS_DEFRD_RVNU_CNTRCT_AMSMACONT,overlap
S_OPEN_SOURCE_RX_ATC,overlap
S_VEEVA_TMMS_CRM_TRRTRY,only in Snowflake
S_THIRD_PARTY_BRICK_COUNTRY_DATA_BNDRY,overlap
S_GERS_GER_SAL_NAT_OFFICINE_QUANTI_REFUND_STAT,overlap
S_IQVIA_HDSC_MKT_SEGTN_CATG,overlap
S_ALN_ROSTER_MEMBER_TERRITORY,overlap
S_IQVIA_HDSC_MTHLY_AC_TYPAK2_CORP_OWNAK6_PRMTRAK6_PRODAK15_ATC_CHC_CHNL_SPCLAK2_PROM_DETL,overlap
S_IQVIA_HDSC_MTHLY_BNDRYAK7_PCMDTY_GENDERAK2_AGE_SUM,overlap
S_IQVIA_HDSC_MTHLY_PCMDTY_CHNLAK2_HLTHCARE_PLN_SUM,overlap
S_SAP_TDM_USR_MDC_CTGRY_MAF,only in Snowflake
S_VAULT_CAMPAIGN,overlap
S_FARMINFORM_NATL_SALES,overlap
S_INTERNAL_POLAND_BNDRY,overlap
S_IQVIA_HDSC_MTHLY_PRODAK5_SOBAK2_SUM,overlap
S_IQVIA_HDSC_BNDRY_AC_TYP_PRMTR_DISTR_PCMDTY_SUM,overlap
S_THIRD_PARTY_MKT_DATA_SCHWAB_PROD,only in Snowflake
S_GERS_GER_SAL_NAT_OFFICINE_QUANTI_LBTY_HIST,only in Snowflake
S_IQVIA_HDSC_PROML_PROD_SMPL_METH_TYP,overlap
S_SAP_H2R_MD_COORDER_001_VIEW_001,only in Snowflake
S_IQVIA_HDSC_PROML_CNTNT_QLTY_RTNG_RSN_CATG,only in Snowflake
FIA_STD_PH_MKTG_MEDIA,only in Snowflake
S_CVENT_REGISTRATION,overlap
S_IQVIA_HDSC_QTRLY_PRODAK9_DIAG_MEDPRO_GENDER_MEAS_SUM,overlap
S_IQVIA_HDSC_TM_PD_BNDRYAK2_SW_PRODAK5_SOBAK2_SUM,overlap
S_VEV_MEDICAL_INQUIRY,overlap
S_IQVIA_HDSC_QTRLY_PRODAK5_SOB_TYPAK2_SUM,only in Snowflake
S_GERS_GER_SAL_NAT_MIXT_QUANTI_QUANTI,overlap
S_VEV_SAMPLE_LIMIT,overlap
S_INTERNAL_GB_PROD,overlap
S_IQVIA_HDSC_ROA,overlap
S_GERS_GER_DS,only in Snowflake
S_IQVIA_HDSC_TM_PD_PRODAK5_FRMLRY_REIMBMNT_CATG_SOBAK2_RECUR_GRP_SUM,overlap
S_GERS_GER_ORIGIN_ETS_XARELTO,overlap
S_VEV_PUBLICATION,overlap
S_IQVIA_HDSC_MTHLY_PCMDTYAK21_CHNLAK2_SUM,only in Snowflake
S_EURYDICE_LCL_CNTRCT_TARIF,overlap
S_EURYDICE_LCL_CNTRCT_BAREME,overlap
S_IQVIA_HDSC_AC_SALE_ALLOC,overlap
S_ALN_ACCOUNT_TERRITORY,overlap
S_GERS_GER_ORIGIN_H_ACORAMIDIS,only in Snowflake
S_EXTA_IMCM_PH_JOURNEY_ACTIVITY_MASTER,overlap
S_IQVIA_HDSC_HC_PLN_MODEL_TYP,overlap
S_IQVIA_HDSC_CMDTY_PROF_CLAS_TYP,overlap
S_GERS_GER_SAL_NAT_DOMTOM_QUANTI_QUALI,overlap
S_VEV_CAMPAIGN_ACTIVITY,overlap
S_JPC_HCP_ARCHIVED,only in Snowflake
S_IQVIA_HDSC_TM_PD_BNDRYAK2_PRODAK5_SOBAK2_CLAIM_CNT_GRP_SUM,overlap
S_IQVIA_HDSC_MTHLY_BNDRYAK4_PRODAK5_SPCLAK6_GENDERAK2_AGE_DOT_SUM,overlap
S_VEV_EM_EVENT_SPEAKER,overlap
S_GERS_GER_SAL_NAT_HOSPITAL_QUANTI_PRESN,overlap
S_GERS_GER_SAL_NAT_HOSPITAL_QUANTI_QUANTI_COMPLEMENT,overlap
S_VEV_GOAL,overlap
S_NHS_FACT_NHS_RX_SC,overlap
S_GMDA_POPULATION,overlap
S_SAP_ELSA_MD_DS_RGNL_HRCHY_PH_H2R,overlap
S_MSS_TDM_SAL_CALENDAR,only in Snowflake
S_ULTMARC_TDM_DCF_DOC_UNI,only in Snowflake
S_KEY_MESSAGE_ACTIVITY_JPC,only in Snowflake
S_IQVIA_HDSC_QTRLY_BNDRYAK5_PCMDTYAK22_MED_CLAS_SPCLAK2_SUM,overlap
S_INTERNAL_SPAIN_BNDRY,overlap
S_MDM_PROD_RLTN_ID,overlap
S_VEV_MC_CYCLE_CHANNEL,overlap
S_VEV_CAMPAIGN_ACTIVITY_TARGET_EXECUTION,only in Snowflake
S_EXTA_IMCM_PH_UNSUBS,overlap
S_THIRD_PARTY_BRICK_COUNTRY_DATA,overlap
S_IQVIA_HDSC_HERBL_PROD_CATG,overlap
S_INTERNAL_GB_SECDY_SALE_GB,overlap
S_IQVIA_HDSC_MTHLY_BNDRYNML_AC_TYP_ATC_SUM,overlap
S_VAULT_IMCM_CORE_MESSAGE,overlap
S_CVENT_BUDGETITEM_COSTDETAIL,overlap
S_ALN_TERRITORY_MODEL,only in Snowflake
S_INTERNAL_SPAIN_PROD,overlap
S_GA_SESSIONS_EXPERIMENT,only in Snowflake
S_GERS_GER_SAL_NAT_HOSPITAL_QUANTI_PHMCL_FORM,overlap
S_IQVIA_HDSC_MTHLY_BNDRY_PROD_CHNL_SUM,overlap
S_PMW_SALESKPI_WIP,only in Snowflake
S_VEV_SAMPLE_ORDER_TRANSACTION,overlap
S_IQVIA_HDSC_AC_CHG,overlap
S_IQVIA_HDSC_HALF_MTHLY_PCMDTY_PRC,overlap
S_GERS_GER_SAL_NAT_DOMTOM_QUANTI_QUANTI_COMPLEMENT,overlap
S_IQVIA_HDSC_BNDRY_ASSC,overlap
S_IQVIA_HDSC_MTHLY_BNDRYCD_PRODAK10_TRANS_DCATG_SPCL_SUM,overlap
S_IQVIA_HDSC_MTHLY_AC_TYPAK2_CORP_OWN_ORGAK6_PRMTR_ORGAK6_PCMDTYAK13_SPCLAK2_PROM_DETL,only in Snowflake
S_IQVIA_HDSC_WKLY_BNDRY_ORGACRO_PCMDTY_FORM_STRNT_SUM,overlap
S_JDNHINET_TCT_LATEST_DELIV_PRC,only in Snowflake
S_SAP_FSR_DETL_AMSMACOST,only in Snowflake
S_VEV_ADDRESS,overlap
S_VEV_CONTENT_DOCUMENT_LINK,overlap
S_VEV_EM_SPEAKER_QUALIFICATION,overlap
S_VEV_EM_BUDGET,overlap
S_VEV_CALL_OBJECTIVE,overlap
S_EURYDICE_LCL_CNTRCT_CLIENT_SCTR,overlap
S_VEV_CALL2,overlap
S_IQVIA_HDSC_QTRLY_PCMDTY_SUM,overlap
S_NHS_SCMD,overlap
S_IQVIA_HDSC_TM_PD_BNDRYAK2_PRODAK5_SOBAK2_AGE_GRP_SUM,overlap
S_GERS_GER_SAL_NAT_OFFICINE_QUANTI_QUANTI_COMPLEMENT,overlap
S_GERS_GER_SAL_NAT_MIXT_QUANTI_PROD,overlap
S_NMO_TDT_DGM_NMO_MOVIE,only in Snowflake
S_VEV_CALL_CLICKSTREAM,overlap
FIA_STD_PH_MKTG_MEDIA_bckp_2406,only in Snowflake
S_SAP_ELSA_MD_CU_CUST_PH_CDP,overlap
S_CDIS_ACC_CON,overlap
S_ADHOC_SALUTATION_COCKPIT,only in Snowflake
S_IQVIA_HDSC_BRICK_READINS,overlap
S_IQVIA_HDSC_SOB_TYP,overlap
S_VEV_SUGGESTION,overlap
S_ALN_FIELD_FORCE,overlap
S_IQVIA_HDSC_MTHLY_AC_PROD_CHNL_SUM,overlap
S_IQVIA_HDSC_PCMDTY_INGRD,overlap
S_IQVIA_HDSC_DS_PUBL_LOG,overlap
S_IQVIA_HDSC_TRTMT_OUTCM_COND_CATG,overlap
S_IQVIA_HDSC_ORG_CNTCT_LOC,overlap
S_IQVIA_HDSC_MTHLY_SFORCEAK3_PCMDTY_CHNL_SUM,overlap
S_NHS_BNF_PROD_CHEM_SUBSTN,overlap
S_IQVIA_HDSC_MTHLY_AC_TYPAK2_CORP_OWNAK6_PRMTRAK6_PRODAK15_ATC_CHC_CHNL_SPCLAK2_PROM_SCND_DETL,only in Snowflake
S_MSS_TDM_SUBBU_AREA,only in Snowflake
S_VEV_EM_SPEAKER,overlap
S_VEV_MULTICHANNEL_ACTIVITY,overlap
FIA_STD_PH_MKTG_PLD_DIGITAL_WEB,only in Snowflake
S_SFMC_CAM_TARGETDATAOUTPUT,overlap
S_IQVIA_HDSC_MAIL_MTRL_TOPIC_CATG,overlap
S_EURYDICE_LCL_CNTRCT_CLIENT_GRP,overlap
S_SAP_DEPOT_RTN_OVRVW_AMSMACONT,overlap
S_VEV_FOCUS_AREA,overlap
S_IQVIA_HDSC_PROC_FORM,overlap
S_GERS_GER_SAL_NAT_MIXT_QUANTI_GROUPE_BIOSIMILAIRE,overlap
S_IQVIA_HDSC_MTHLY_ORGAK6_PCMDTYAK17_CHNLAK2_SUM,overlap
S_EURYDICE_LCL_CNTRCT_OFR,overlap
S_IQVIA_HDSC_MTHLY_BNDRYAK7_PCMDTY_FRMLRY_REIMBMNT_CATG_SUM,overlap
S_IQVIA_HDSC_MTHLY_BNDRY_AC_TYP_MKT_SUM_CATG_PROD_SUM,overlap
S_SAP_ELSA_FACT_META_KEYFIGURE_BASE_DEFINITION,overlap
S_IQVIA_HDSC_MTHLY_BNDRYAK4_RGMN_PROD_SPCLAK6_RGMN_SOBAK2_GENDERAK2_AGE_SUM,overlap
S_VEV_PLAN_TACTIC,overlap
S_MSS_TDM_SUBBU,only in Snowflake
S_VEV_EM_CATALOG,only in Snowflake
S_GERS_GER_NBRX_INDC_TOT_FRREG,overlap
S_IQVIA_HDSC_PROML_CTCT_GRP_TYP,overlap
S_VEV_CONSENT_TYPE,overlap
S_IQVIA_HDSC_MTHLY_BNDRY_ORGACRO_PCMDTY_FORM_STRNT_SUM,overlap
S_VEV_SPEAKER_PAYMENT,overlap
S_IQVIA_HDSC_TM_PD_BNDRY_AC_CATGAK2_AC_TYPAK2_PCMDTY_SUM,overlap
S_IQVIA_HDSC_MTHLY_AC_TYPAK2_AC_CATGAK2_ORGAK6_PCMDTYAK27_MVST_SPCLAK2_SUM,overlap
S_VEV_REMOTE_MEETING,overlap
S_MDM_MEDCNL_PROD,overlap
S_SEVERAL_DATA_FEEDS_HEALTHCARE_AT_HOME,overlap
S_NOZOMI_TTR0094NZM_MEETING,only in Snowflake
S_IQVIA_HDSC_MTHLY_BNDRYAK4_ORGAK6_ATC_SUBSTNAK2_CHNLAK2_REIMBMNT_SUM,overlap
S_GMDA_MONTHLY,overlap
S_IQVIA_HDSC_MTHLY_BNDRYAK7_PRODAK10_CHNL_SUM,overlap
S_IQVIA_HDSC_MTHLY_MKT_SUM_CATG_SUM,overlap
S_IQVIA_HDSC_FRMLRY_REIMBMNT_CATG,overlap
S_SAP_ISTL_BASE_DAMSMEQUI,overlap
S_KIMURAJOHO_TDM_EVM_WEBCONF_KIT,only in Snowflake
S_IQVIA_HDSC_MTHLY_ACAK9_PCMDTYAK27_CHNLAK2_SUM,overlap
S_IQVIA_HDSC_TM_PD_BNDRYAK4_AC_TYPAK2_ORGAK6_PCMDTY_CHNLAK2_SUM,overlap
S_MSS_TDM_CPR_SALES_PLAN,only in Snowflake
S_VEV_ACCOUNT_TEAM_MEMBER,overlap
S_IQVIA_HDSC_MTHLY_AC_TYP_ATC_SUM,overlap
S_IQVIA_HDSC_TM_PD_AGE_GRPAK4_GENDERAK2_MVST_TYP_DIAG_TRTMT_SUM,overlap
S_IQVIA_HDSC_TM_PD_PRODAK5_FRMLRY_REIMBMNT_CATG_SUM,overlap
S_IQVIA_HDSC_MTHLY_BNDRYAK4_PCMDTYAK27_CHNLAK2_PROM_CATG_SUM,overlap
S_IQVIA_HDSC_TM_PD_ORGAK6_SUM,overlap
S_VEV_EM_EVENT_MATERIAL,only in Snowflake
S_GERS_GER_SAL_NAT_OFFICINE_QUANTI_COMPOSN_DCI,only in Snowflake
S_AKT_SUGGESTION_DATA_TABLE_UAT,overlap
S_GERS_GER_SAL_NAT_DOMTOM_QUANTI_STAT_REFUND_RATE_HIST,only in Snowflake
S_IQVIA_HDSC_MTHLY_BNDRYAK7_PRODAK5_SUM,overlap
S_NMO_TDM_EVM_WEBCONF_NMO,only in Snowflake
S_SANTEN_TCT_COPRO_SS_DAT,only in Snowflake
S_VEV_LOGINHISTORY,only in Snowflake
S_IQVIA_HDSC_TM_PD_PRODAK16_SUM,overlap
S_SAP_DEPOT_REPR_PRODCTVTY_AMSMACOST,overlap
S_SAP_TDM_USR_MDC_COST_CENTER,only in Snowflake
S_SAP_FSR_OVRVW_WITH_RVNU_AMSMACOST,overlap
S_IQVIA_HDSC_MTHLY_BNDRYAK4_RGMN_PROD_PRODAK5_SPCLAK6_RGMN_SOBAK2_PROD_SOBAK2_GENDERAK2_AGE_SUM,overlap
S_VAULT_IMCM_SUBREGION,only in Snowflake
S_GA_SESSIONS_S_DS,only in Snowflake
S_ULTMARC_TDM_DEPT,only in Snowflake
REF_VEV_TRANSLATION,only in Excel
S_NHS_CLNCL_CMIS_GRP_SCT,overlap
S_IQVIA_HDSC_MTHLY_BNDRYAK5_PRODAK5_SW_PRODAK5_SOBAK2_TRTMT_OUTCM_COND_CATG_SPCLAK4_TRANS_DCATGAK2_SUM,overlap
S_GERS_GER_SAL_NAT_MIXT_QUANTI_QUALI,overlap
S_IQVIA_HDSC_MTHLY_PGRP_PCMDTY_DLVRBL_DETL,overlap
S_IQVIA_HDSC_MTHLY_BNDRYAK2_PCMDTY_SUM,overlap
S_IQVIA_HDSC_PROML_DETLG_PURP_CATG,overlap
S_VEV_EM_EVENT_HISTORY,overlap
S_IQVIA_HDSC_PUR_REQ_RSPNS,overlap
S_ALN_MC_CYCLE_PRODUCT,overlap
S_IQVIA_HDSC_CLIENT_AC_SALE_ALLOC_CHG,overlap
S_VEV_TERRITORY_HIST,only in Snowflake
S_IQVIA_HDSC_TM_PD_PRODAK5_FRMLRY_REIMBMNT_CATG_DOT_SUM,overlap
S_VEV_ACTION_ITEM,overlap
S_IQVIA_HDSC_PO_ITEM,overlap
S_IQVIA_HDSC_ORG_ROLE_BNDRY,overlap
S_VEV_EM_ATTENDEE,overlap
S_VEV_USERTERRITORY,overlap
S_VEV_INVENTORY_ORDER_LINE,overlap
S_VEV_MC_CYCLE_PLAN_SUMMARY,only in Snowflake
S_IQVIA_HDSC_MTHLY_AC_TYPAK2_PCMDTYAK20_SPCLAK2_GENDERAK2_AGE_SUM,only in Snowflake
S_CVENT_BUDGETITEM_DELETED,overlap
S_IQVIA_HDSC_MTHLY_PCMDTYAK23_CHNLAK2_SUM,overlap
S_IQVIA_HDSC_MTHLY_BNDRY_PCMDTY_CHNL_SUM,overlap
S_VEV_CLINICAL_TRIAL,overlap
S_IQVIA_HDSC_MEDPRO_TYP,overlap
S_IQVIA_HDSC_PROD_ASSC,overlap
S_IQVIA_HDSC_SFORCE,overlap
S_GERS_GER_SAL_NAT_DOMTOM_QUANTI_PRESN,overlap
S_CVENT_MEETING_REQUEST_CUSTOM_FIELD_DETAIL,overlap
S_SFMC_CAM_TARGETDATAOUTPUT_TEMP_0712,only in Snowflake
S_IQVIA_HDSC_TRTMT_COND_CATG,overlap
REF_GMDA_QUARTERLY,only in Excel
S_VEV_CAMPAIGN_JOB_HISTORY,overlap
S_IQVIA_HDSC_PROML_PROD_CATG_TYP,overlap
S_CARENET_EDETAILING_CARENET_MRPLUS,only in Snowflake
S_GERS_GER_SAL_NAT_OFFICINE_QUANTI_PRESN,overlap
S_CRST_IMCM_SPENDCAP,overlap
S_SECDY_SALE_RAD_PH,only in Snowflake
S_VEV_MY_SETUP_PRODUCTS,only in Snowflake
S_IQVIA_HDSC_PROML_MT_PRMTR_ORG_REL_ROLE,overlap
S_SECDY_SALE_RAD_TH,overlap
S_NHS_CLNCL_CMIS_GRP_WLS,overlap
S_VEV_ATTACHMENT,overlap
S_VEV_EXPENSE_LINE,overlap
S_SECDY_SALE_RAD_DEVICE_KR,only in Snowflake
S_CDIS_KEYMAP,overlap
S_GERS_GER_SAL_NAT_DOMTOM_QUANTI_ADMN_RTE,overlap
S_SAP_CNTRCT_BILL_PLAN_OVRVW_AMSMABPD,overlap
S_ALN_MC_CYCLE_PLAN_TARGET,overlap
S_ALN_ROSTER_MEMBER_HIST,only in Snowflake
S_SAP_ELSA_MD_MA_MAT_H2R,overlap
S_IQVIA_HDSC_ORG_STRC,overlap
S_FARMINFORM_SUBNATL_SALES,overlap
S_IQVIA_HDSC_MTHLY_PRODAK15_PCMDTYAK23_CHNLAK2_SUM,overlap
S_VEV_ACCOUNTSHARE,overlap
S_EXTA_IMCM_PH_SENT,overlap
S_THIRD_PARTY_EMAIL_NEWSLETTER_DATA_ALL_TIMES,overlap
S_THIRD_PARTY_HIRA_REIMBMNT_DATA_PCMDTY,overlap
S_VEV_DATA_CHANGE_REQUEST_LINE,only in Snowflake
S_PW_TRAINING,only in Snowflake
S_GA_SESSIONS_HITS,overlap
S_IQVIA_HDSC_WKLY_MKT_SUM_CATG_SUM,overlap
S_MSS_TCM_INST_STR,only in Snowflake
S_IQVIA_HDSC_MTHLY_BNDRYAK4_PRODAK5_SPCLAK6_SOBAK2_GENDERAK2_AGE_DOSE_SUM,overlap
S_VEV_KEY_STAKEHOLDER,overlap
S_SAP_VRTL_RVNU_ELIG_AMSMADISC,overlap
S_IQVIA_HDSC_OAC_GRP,overlap
S_IQVIA_HDSC_MTHLY_AC_BNDRYAK4_RGMN_PROD_SWF_RGMN_PROD_SPCLAK6_RGMN_SOBAK2_SUM,overlap
S_VEV_MEDICAL_EVENT,overlap
S_SAP_MOBL_USER_ASGNT_AMSMATER1,overlap
S_IQVIA_HDSC_MTHLY_BNDRYAK2_PCMDTY_SPCLAK2_GENDER_AGE_GRP_RX_CATG_SUM,overlap
S_SAP_CNTRCT_OVRVW_AMSMACONT,overlap
S_VEV_CHILD_ACCOUNT,overlap
S_VEV_ACCOUNT_LIST_ITEM,overlap
S_ALN_TERRITORY,overlap
S_ALN_MC_CYCLE_PLAN,overlap
S_IQVIA_HDSC_MTHLY_SFORCEAK3_PRODAK10_CHNL_SUM,overlap
S_INTERNAL_KR_SECDY_SALE_KR,overlap
S_SAP_DEFRD_RVNU_CNTRCT_FULL_BILL_PLAN_AMSMABPD,overlap
S_GERS_GER_SAL_SIG_UGA_OFF_GENL,only in Snowflake
FIA_PW_CONTRACT,only in Snowflake
S_M3_TDM_DGM_MSG_YESTERDAY,only in Snowflake
S_VEV_CONTRACT,overlap
S_GERS_GER_SAL_NAT_OFFICINE_QUANTI_GRP_DCI,only in Snowflake
S_FARMINFORM_BNDRY_ASSC,overlap
S_IQVIA_HDSC_MTHLY_BNDRYAK4_SW_PRODAK5_SPCLAK3_SOBAK2_RX_FILL_TYP_PROD_MKT_GENDER_AGE_SUM,overlap
S_IQVIA_HDSC_MTHLY_PROD_SUM,overlap
S_NOZOMI_TMR0094BYL_VVA_BU_CTRL,only in Snowflake
S_IQVIA_HDSC_TM_PD_PCMDTYAK23_SPCLAK2_GENDER_AGE_GRP_RX_ORIGNTN_CATG_SUM,overlap
S_IQVIA_HDSC_WKLY_PCMDTYAK27_SUM,overlap
S_MEDPEER_TDT_MEDPEER_CLICK_INFO,only in Snowflake
S_ALN_PRODUCT,overlap
S_IQVIA_HDSC_MTHLY_BNDRYNM_SWF_PRODNM_SWT_PRODNM_SUM,overlap
FIA_STD_LIVERAMP_DCM_ACTIVITY_CLICK_IMPRESSION_NPLD,only in Snowflake
S_SEVERAL_DATA_FEEDS_PROD,overlap
S_IQVIA_HDSC_MTHLY_SFORCEAK3_ORGAK7_CHNL_SUM,overlap
S_GERS_GER_SAL_NAT_HOSPITAL_QUANTI_QUALI,overlap
S_IQVIA_HDSC_PRFSN_SPCL_TYP,overlap
S_IQVIA_HDSC_SFORCE_ASSC,overlap
S_VEV_EVENT_PAYMENTS,overlap
STG_REF_TARGETS_CA,only in Snowflake
S_VEV_TIME_OFF_TERRITORY,overlap
S_IQVIA_HDSC_MTHLY_BNDRY_PCMDTY_CHNLAK2_SUM,overlap
S_EXTA_IMCM_PH_CAMPAIGN,overlap
FIA_STD_LIVERAMP_TTD_VIDEO_EVENTS_NPLD,only in Snowflake
S_FARMINFORM_FRAME_ASSC,overlap
S_SAP_TDT_USR_MDC_BUDGET,only in Snowflake
S_IQVIA_HDSC_PCMDTY_INGRD_NM,overlap
S_SAP_SDB_PI,overlap
S_GERS_GER_SAL_NAT_OFFICINE_QUANTI_DRTY_GENERIC_HIST,only in Snowflake
S_IQVIA_HDSC_TM_PD_PRODAK11_SWT_PRODAK11_SOB_SUM,overlap
S_VEV_LOT_CATALOG,only in Snowflake
S_IQVIA_HDSC_MTHLY_AC_BNDRYAK4_RGMN_PROD_PRODAK5_SPCLAK6_RGMN_SOBAK2_PROD_SOBAK2_SUM,overlap
S_GERS_GER_SAL_NAT_DOMTOM_QUANTI_INDICATEUR_BIOSIMILAIRE_BIOREFERENT,overlap
S_MSS_TCM_ITEM_SUBBU,only in Snowflake
S_IQVIA_HDSC_PROML_AUDS_CATG,overlap
S_IQVIA_HDSC_TM_PD_BNDRYAK2_BNDRY2AK2_PCMDTYAK4_SUM,overlap
S_VEV_QUESTION_RESPONSE,overlap
S_ALN_MC_CYCLE_PLAN_CHANNEL,overlap
S_GERS_GER_SAL_NAT_MIXT_QUANTI_CLAS_EPHMRA,overlap
S_IQVIA_HDSC_MTHLY_MKTAK5_PRODAK5_SWF_PRODAK5_SWT_PRODAK5_SOBAK2_SUM,overlap
S_IQVIA_HDSC_MTHLY_PCMDTY_CHNLAK2_SUM,overlap
S_IQVIA_HDSC_MTHLY_BNDRYAK4_PRODAK5_SPCLAK3_SOBAK2_RX_FILL_TYP_GENDER_AGE_SUM,overlap
S_IQVIA_HDSC_MTHLY_BNDRYAK4_PCMDTYAK23_SUM,overlap
S_IQVIA_HDSC_CNCMTNC_SUBSTN,overlap
S_PW_SPEAKER,only in Snowflake
S_VEV_MULTICHANNEL_ACTIVITY_LINE,overlap
S_EURYDICE_LCL_CNTRCT_FAMILLE,overlap
S_GERS_GER_SAL_NAT_DOMTOM_QUANTI_GENERIC_GRP,overlap
S_VEV_CALL2_CLONE,only in Snowflake
S_VEV_EMAIL_ACTIVITY,overlap
S_MDM_PROD_GRP_MRGE,overlap
S_VEV_ACCOUNT_MERGE_HISTORY,overlap
S_FARMINFORM_BAYER_ARTICLE,overlap
S_IQVIA_HDSC_GENERIC_BRANDED,overlap
S_SAP_ELSA_MD_DS_CTRLNG_AREA_H2R,overlap
S_SAP_H2R_MD_COSTCENTER_001_VIEW_001,only in Snowflake
S_GERS_GER_SAL_NAT_DOMTOM_QUANTI_PAY,overlap
S_THIRD_PARTY_BRICK_COUNTRY_DATA_BNDRY_ASSC,overlap
S_GERS_GER_SAL_NAT_DOMTOM_QUANTI_PROD,overlap
S_IQVIA_HDSC_MTHLY_PRODAK11_SW_RSLT_PRODAK11_SOBAK2_TRTMT_COND_CATG_SUM,overlap
S_IQVIA_HDSC_RX_ORIGNTN_CATG,overlap
S_MSS_TDM_DR_TGT,only in Snowflake
S_IQVIA_HDSC_SALES_REP_EMAIL_LINK_SNT_CATG,overlap
S_MSS_TCM_SALES_ORG,only in Snowflake
S_IQVIA_CHANNEL_DYNAMICS_ANTI_VEGF_MKT_BAYER_VITAL_OPTHA,overlap
S_GERS_GER_SAL_NAT_DOMTOM_QUANTI_IND_GENERIC_OPRT,overlap
S_SAP_VAN_INV_OVRVW_GLBL,overlap
S_GERS_GER_ORIGIN_XARELTO,overlap
S_IQVIA_HDSC_MTHLY_BNDRYAK5_AC_TYPAK2_PCMDTY_SUM,overlap
S_ALN_MC_CYCLE_PLAN_PRODUCT,overlap
S_MDM_PROD_GRP,overlap
S_MSS_TCM_INST_CNV,only in Snowflake
S_CVENT_EVENT,overlap
S_GERS_GER_ORIGINS,overlap
S_PRECISIONAI_CAMPAIGN_SIMULATOR,overlap
S_VEV_MC_CYCLE_PLAN_PRODUCT,overlap
S_GERS_GER_SAL_NAT_OFFICINE_QUANTI_CLAS_ATC,overlap
S_IQVIA_HDSC_MAT_PRODAK9_AGE_GRP_MEAS_SUM,overlap
S_MSS_TDM_USR_WS_TARGET,only in Snowflake
S_GERS_GER_ORIGIN_S_ACORAMIDIS,only in Snowflake
S_IQVIA_HDSC_MTHLY_BNDRY_PRODNM_SUM,overlap
S_IQVIA_HDSC_MKT_AC_SALE_ALLOC_SET,overlap
S_IQVIA_HDSC_AGE_GRP,overlap
S_IQVIA_HDSC_MTHLY_BNDRYAK4_RGMN_PROD_PRODAK5_SWF_PRODAK5_SPCLAK6_RGMN_SOBAK2_PROD_SOBAK2_GENDERAK2_AGE_SUM,overlap
S_SAP_ELSA_H2R_AUTH_DETAILS,overlap
S_IQVIA_HDSC_MTHLY_PRODAK5_RGMN_SUM,overlap
S_IQVIA_HDSC_MTHLY_PRODAK5_SOBAK2_AGE_GRP_SUM,overlap
S_IQVIA_HDSC_TM_PD_BNDRYAK2_PRODAK5_GENDER_AGE_SUM,overlap
S_SAP_SD_SALE_COPA,overlap
S_IQVIA_HDSC_WKLY_BNDRYAK2_PCMDTYAK23_SUM,overlap
S_IQVIA_HDSC_WKLY_BNDRYAK2_PCMDTYAK4_SUM,overlap
S_VEV_PERMISSION_SET_ASSIGNMENT,only in Snowflake
S_VAULT_IMCM_MESSAGE_HIERARCHY,overlap
FIA_PW_EVENT,only in Snowflake
S_IQVIA_HDSC_MTHLY_BNDRYAK2_PCMDTY_SPCLAK2_GENDER_AGE_GRP_RX_ORIGNTN_CATG_SUM,overlap
S_VEV_ACCOUNT_RELATIONSHIP,overlap
S_MDM_PROD_RLTN,overlap
S_GERS_GER_NBRX_TYPEPERIODE_TOT_FRREG,overlap
S_AKT_FACTOR_DATA_TABLE,overlap
S_GERS_GER_SAL_NAT_DOMTOM_QUANTI_GRP_LBTY,overlap
S_IQVIA_HDSC_TM_PD_BNDRYAK2_PRODAK5_DOT_SUM,overlap
S_IQVIA_HDSC_MTHLY_PCMDTYAK2_CHNLAK2_SUM,only in Snowflake
S_GERS_GER_SAL_NAT_HOSPITAL_QUANTI_PAY,overlap
S_M3_EDETAILING_M3_OPD,only in Snowflake
S_CVENT_EVENT_DETAIL,overlap
MAP_CAMPAIGN_CONTENT_LOOKUP,only in Snowflake
S_IQVIA_HDSC_WKLY_BNDRYNM_AC_TYPNM_FCN_SPECLSM_TYPNM_PROD_PCMDTY_GRP_SUM,overlap
S_MSS_TCM_WS_ORG,only in Snowflake
S_INTERNAL_SPAIN_CLNCL_TRIALS,overlap
S_IQVIA_HDSC_CHC,overlap
S_SAP_PO_CDP_PH_JP,only in Snowflake
S_MSS_TCM_ITEM_ORG,only in Snowflake
S_GERS_GER_SAL_NAT_MIXT_QUANTI_GRP_LBTY,overlap
S_GERS_GER_SAL_NAT_OFFICINE_QUANTI_CLAS_EPHMRA,overlap
S_VEV_RECORD_TYPE,overlap
S_IQVIA_HDSC_TM_PD,overlap
S_GERS_GER_STATHOP_GENL,only in Snowflake
S_IQVIA_HDSC_MTHLY_ORGAK6_PCMDTY_CHNLAK2_SUM,overlap
S_IQVIA_HDSC_PROML_PROD_CATG_GRP_TYP,overlap
S_VEV_BPH_RESTRICTED_WORD_NOTIFICATION,only in Snowflake
S_CVENT_BUDGETITEM,overlap
S_FARMINFORM_FRAME_DESC,overlap
S_IQVIA_HDSC_MTHLY_PCMDTYAK17_SUM,overlap
S_IQVIA_HDSC_LOC,overlap
S_IQVIA_HDSC_MEDPRO,overlap
S_IQVIA_HDSC_TM_PD_MVST_TYP_DIAG_TRTMT_SUM,overlap
S_GERS_GER_SAL_NAT_MIXT_QUANTI_PHMCL_FORM,overlap
S_NHS_BNF_PROD_HIERY_ENG,overlap
S_IQVIA_HDSC_PROD_PCMDTY_GRP_BNDRY,overlap
S_THIRD_PARTY_HIRA_REIMBMNT_DATA,overlap
S_IQVIA_HDSC_MTHLY_BNDRY_PROD_SPCL_CLIENT_DDDOSE_RNG,overlap
S_GERS_GER_SAL_NAT_HOSPITAL_QUANTI_CLAS_ATC,overlap
S_IQVIA_HDSC_MTHLY_BNDRYAK2_OACAK3_PCMDTYAK20_MEASAK2_SUM,only in Snowflake
S_VEV_SURVEY_QUESTION,overlap
S_IQVIA_HDSC_MTHLY_AC_PRODNM_SUM,overlap
S_VEV_USER,overlap
S_VEV_MC_CYCLE,overlap
S_MSS_TDM_USR_ITEM_DISP_ORDER,only in Snowflake
S_IQVIA_HDSC_PROML_DETLG_PROD_PRESNT_NBR_TYP,overlap
S_IQVIA_HDSC_MTHLY_PCMDTYAK18_CHNLAK2_SPCLAK2_SUM,overlap
S_GLBL_CONSNT_MDL_DATA_SBJCT_PROF,only in Excel
S_VEV_STAKEHOLDER_CLINICAL_TRIAL,overlap
S_INTERNAL_NZ_SECDY_SALE_NZ,only in Snowflake
S_BPN_TVT_DMP_CLICK_LOG,only in Snowflake
S_IQVIA_HDSC_TM_PD_BNDRYAK2_PCMDTYAK4_SUM,overlap
S_IQVIA_HDSC_MTHLY_BNDRYNML_AC_TYP_ORGNML_SUM,overlap
S_GERS_GER_ORIGIN_ONCO,overlap
S_IQVIA_HDSC_MTHLY_AC_TYPAK2_PRMTRAK6_PRODAK15_ATC_SPCLAK2_CLINSTDY_PROM_DETL,overlap
S_IQVIA_HDSC_WHO_ATC,overlap
S_MSS_TCM_SECT_NM_JIS11,only in Snowflake
S_IQVIA_HDSC_CNCMTNC_ATC,overlap
S_IQVIA_HDSC_DS_CLAS_ASSC,overlap
S_VEV_PRODUCT_METRICS,overlap
S_INTERNAL_IT_SECDY_SALE_IT,overlap
S_VEV_QUESTION,overlap
STG_REF_TARGETS_GB,only in Snowflake
S_IQVIA_HDSC_FCN_SPECLSM_TYP,overlap
S_SAP_ELSA_MD_DS_CRNCY_CONVN_H2R,overlap
S_IQVIA_HDSC_PUR_REQ_RSPNS_ITEM,overlap
S_SAP_ELSA_MD_FACT_PRFT_CENTR_GLBL_H2R,overlap
S_GERS_GER_SAL_NAT_OFFICINE_QUANTI_QUANTI,overlap
S_SAP_ELSA_O2C_SD_BILLNG_DOC_H2R,overlap
S_GA_SESSIONS_HITS_PRODUCT_CUSTOM_DIMENSIONS,only in Snowflake
S_IQVIA_HDSC_MTHLY_BNDRY_PROD_RX_ORIGNTN_CHNL_SUM,overlap
S_IQVIA_HDSC_MTHLY_BNDRYAK2_ORGAK2_PRODAK11_COMPTR_ACTL_VAL_IND_SUM,overlap
S_MSS_TCM_PIC,only in Snowflake
S_NHS_PAT_BND_SCT,overlap
S_CVENT_BUDGETITEM_AGENCY_FEE_TAX,overlap
S_GERS_GER_SAL_NAT_HOSPITAL_QUANTI_QUANTI,overlap
S_GMDA_CHANNEL_DYNAMICS,overlap
S_NHS_PAT_BND_ENG,overlap
S_EXTA_IMCM_PH_BOUNCES,overlap
S_IQVIA_HDSC_MTHLY_BNDRYAK7_PCMDTY_SUM,overlap
S_GERS_GER_ORIGIN_ETS_ONCO,overlap
S_VEV_EM_EXPENSE_ESTIMATE_DUMMY_29_NOV,only in Snowflake
S_GERS_GER_SAL_NAT_HOSPITAL_QUANTI_PROD,overlap
S_GERS_GER_SAL_NAT_OFFICINE_QUANTI_GENERIC_GRP,overlap
S_ULTMARC_TDM_OFFICE,only in Snowflake
S_IQVIA_HDSC_MTHLY_AC_BNDRYAK4_PRODAK5_SPCLAK6_SOBAK2_DOT_SUM,overlap
S_CON_CONCUR_INBOUND,overlap
S_SAP_ELSA_FACT_MD_BUS_RESPO,overlap
S_VAULT_GLOBAL_PRODUCT,overlap
S_SFMC_SENDLOG_BAYER,overlap
S_IQVIA_HDSC_MTHLY_BNDRYAK7_ORGAK7_CHNL_SUM,overlap
S_GERS_GER_SAL_NAT_DOMTOM_QUANTI_REFUND_RATE,overlap
S_IQVIA_HDSC_TM_PD_PRODAK5_GENDER_AGE_SUM,overlap
S_MSS_TCT_WS_SS_PLAN,only in Snowflake
S_VEV_CONTENT_DOCUMENT,overlap
S_IQVIA_HDSC_MTHLY_ATC_DLVRBL_SUM,overlap
S_IQVIA_HDSC_GENDER,overlap
S_VEV_VEEV_PERMISSION_SET_MAP,only in Snowflake
S_IQVIA_HDSC_CHNL,overlap
S_IQVIA_HDSC_MAT_PRODAK9_DIAG_AGE_GRP_MEAS_SUM,overlap
S_VEEVA_TMMS_CRM_TRRTRY_REP,only in Snowflake
S_JDNHINET_TCT_FIX_SS_MN_AGGR,only in Snowflake
S_IQVIA_HDSC_AC_SALE_ALLOC_ERR,overlap
S_SAP_DEFRD_RVNU_CNTRCT_AMSMABPD,overlap
S_SAP_ELSA_MD_FACT_VAL_TYP_H2R,overlap
S_VEV_CALL2_EXPENSE,only in Snowflake
S_VEV_BPH_ADM_EQUIPMENT,overlap
S_IQVIA_HDSC_PROD_LCL_CLAS,overlap
S_SAP_ELSA_COPA_TD_CCN,overlap
S_VEV_EM_EVENT_BUDGET,overlap
S_IQVIA_HDSC_CLINSTDY_PURP,overlap
S_SECDY_SALE_KR,overlap
S_IQVIA_HDSC_PUR_REQ,overlap
S_IQVIA_HDSC_TM_PD_BNDRYAK2_OACAK6_PRODAK11_MED_COND_SUM,overlap
S_M3_TDM_DGM_DR_NEW,only in Snowflake
S_IQVIA_HDSC_MTHLY_AC_TYPAK2_CORP_OWN_ORGAK6_PRMTR_ORGAK6_PCMDTYAK29_SPCLAK2_PROM_DETL,overlap
S_JDNHINET_TCT_BIO_LOT,only in Snowflake
S_VEV_MC_CYCLE_PLAN_CHANNEL,overlap
S_IQVIA_HDSC_TM_PD_BNDRYAK2_PRODAK5_SUM,overlap
S_GERS_GER_SAL_NAT_DOMTOM_QUANTI_LBTY,overlap
S_VEV_SAMPLE_TRANSACTION,overlap
S_IQVIA_HDSC_BNDRY,overlap
S_SAP_TDM_USR_MDC_CUR_RATE_MAP,only in Snowflake
S_BPN_TVM_DMP_MAIL_MAGAZINE_SEND_TO,only in Snowflake
S_VEEVA_TMMS_CRM_INST_TRRTRY,only in Snowflake
S_EURYDICE_LCL_CNTRCT_GRP,overlap
S_PW_ATTENDEE,only in Snowflake
S_VEV_EXPENSE_HEADER,overlap
S_MSS_TVM_ACT_CLOSE,only in Snowflake
S_GERS_GER_SAL_NAT_OFFICINE_QUANTI_GRP_LBTY,overlap
S_IQVIA_HDSC_MEAS,overlap
S_IQVIA_HDSC_NETWORK_BNDRY_RLTN,overlap
S_IQVIA_HDSC_BNDRY_AC_CHG,overlap
S_VAULT_IMCM_COUNTRY,overlap
S_IQVIA_HDSC_PANEL_MBR_CATG,overlap
S_SAP_TDM_USR_MDC_ACTIVITY_CODE,only in Snowflake
S_IQVIA_HDSC_MTHLY_AC_TYP_ORGNML_PRODNML_ATC_SUM,overlap
S_CVENT_MEETING_REQUEST,overlap
S_IQVIA_HDSC_MTHLY_CORP_OWNAK6_PRMTRAK6_MKTAK5_PRODAK5_ATC_CHNLAK2_SPCLAK2_MED_CLASAK2_PROM_DETL,overlap
S_IQVIA_HDSC_PROML_DETLG_PROD_ORDER,overlap
S_IQVIA_HDSC_TM_PD_BNDRYAK2_ORGAK2_PRODAK11_MKT_PERF_SEGTN_SUM,overlap
S_IQVIA_HDSC_MTHLY_BNDRYAK4_PCMDTYAK6_SUM,overlap
S_IQVIA_HDSC_WKLY_PROD_SUM,overlap
S_MSS_TCM_WS_RANK,only in Snowflake
S_MSS_TCM_INST,only in Snowflake
S_MDM_MEDCNL_PROD_ID,overlap
S_SFMC_CAMPAIGN_SUPPRESSION_REPORT,overlap
S_MSS_TDM_INST_TGT,only in Snowflake
S_IQVIA_HDSC_MTHLY_AC_TYPAK2_PCMDTY_SPCLAK2_GENDERAK2_AGE_SOBAK2_COPAY_SUM,overlap
S_IQVIA_HDSC_PCMDTY_BIOL_CLAS_TYP,overlap
S_VEV_CONTENT_TYPE,only in Snowflake
S_IQVIA_HDSC_CONTG_ME_CATG,overlap
S_INTERNAL_POLAND_KOREKTY,overlap
S_VEV_PRODUCT,overlap
S_VEV_EM_EVENT_TEAM_MEMBER,overlap
S_VEV_USER__LAST_SYNC,overlap
S_IQVIA_HDSC_TRANS_DCATG,overlap
S_IQVIA_HDSC_CNCMTNC_NFC,overlap
S_GERS_GER_SAL_NAT_OFFICINE_QUANTI_PROD,overlap
S_SAP_FSR_OVRVW_ALL_SM_NOTFN_DAMSMNUM,overlap
S_VEV_DYNAMIC_ATTRIBUTE_CONFIGURATION,overlap
S_JDNHINET_TCT_FIX_SS_LAST_YR,only in Snowflake
S_TM_PD,only in Snowflake
S_VEV_INVENTORY_ORDER,overlap
S_IQVIA_HDSC_MTHLY_MKT_BNDRY_PRODNM_SUM,overlap
S_EXTA_IMCM_PH_JOURNEY_MASTER,overlap
S_CVENT_BUDGETITEM_CUSTOMFIELDDETAIL,overlap
S_GERS_GER_SAL_NAT_OFFICINE_QUANTI_GROUPE_BIOSIMILAIRE,overlap
S_THIRD_PARTY_HIRA_MKT_DATA_ATC,overlap
S_VEV_GROUP_TABLE_QA,only in Snowflake
S_GERS_GER_SAL_NAT_HOSPITAL_QUANTI_COMPOSN_DCI,only in Snowflake
S_IQVIA_HDSC_WKLY_BNDRY_AC_TYP_MKT_SUM_CATG_PROD_SUM,overlap
S_IQVIA_HDSC_DAILY_BNDRYAK7_PRODAK10_SUM,overlap
S_SAP_ELSA_O2C_SD_DLVRY_H2R,overlap
S_SAP_FSR_DETL_AMSMASNOE,only in Snowflake
S_IQVIA_HDSC_MTHLY_BNDRYAK4_PCMDTY_CHNLAK2_MED_COND_SUM,overlap
S_ALN_TERRITORY_PRODUCT,overlap
S_CALL2_JPC,only in Snowflake
S_GERS_GER_SAL_NAT_DOMTOM_QUANTI_PHMCL_FORM,overlap
S_MDM_MEDCNL_PROD_MRGE,overlap
S_ALN_MC_CYCLE,overlap
S_CVENT_CONTACT,overlap
DIM_SOURCE_CUSTOMER_HCP,only in Snowflake
S_IQVIA_HDSC_PROML_MED_COND_TYP,overlap
S_GERS_GER_STATHOP_MKT_COMPOSN,overlap
S_GA_SESSIONS_VISITS,overlap
S_FARMINFORM_ZINDEX_PCMDTY,overlap
S_GERS_GER_SAL_NAT_OFFICINE_QUANTI_LIST,only in Snowflake
S_M3_TDM_EVM_WEBCONF_M3,only in Snowflake
FIA_STD_LIVERAMP_DCM_RICH_MEDIA_NPLD,only in Snowflake
S_ALN_COUNTRY,overlap
S_IQVIA_HDSC_MTHLY_BNDRY_PCMDTY_RX_ORIGNTN_CHNL_SUM,overlap
S_FARMINFORM_BNDRY,overlap
TRADEMARK_CLUSTER,only in Excel
S_VAULT_POSITIVE_NEGATIVE_LIST,overlap
S_IQVIA_HDSC_PROML_CHNL_GRP_TYP,overlap
S_GERS_GER_ORIGIN_ACORAMIDIS,only in Snowflake
S_IQVIA_HDSC_MTHLY_PRODAK11_TRTMT_COND_CATG_SUM,overlap
S_IQVIA_HDSC_MTHLY_SW_PRODAK5_SOBAK2_SUM,overlap
S_IQVIA_HDSC_PROML_MT_TYP,overlap
S_IQVIA_HDSC_MTHLY_BNDRYAK2_ORGAK2_PCMDTYAK20_MEASAK2_COMPTR_ACTL_VAL_IND_SEGTN_SUM,only in Snowflake
S_SAP_ELSA_O2C_SD_ORD_H2R,overlap
S_VEV_CALL2_KEY_MESSAGE,overlap
S_IQVIA_HDSC_CLIENT_AC_SALE_ALLOC,overlap
S_GERS_GER_SAL_NAT_OFFICINE_QUANTI_QUALI_COMPLEMENT,overlap
S_IQVIA_HDSC_MTHLY_ORG_PRODNM_CHNL_MT_PROM_SPEND_SUM,overlap
S_GERS_GER_SAL_NAT_HOSPITAL_QUANTI_QUALI_COMPLEMENT,overlap
S_CDIS_ADDRESS,overlap
S_INTERNAL_FR_SECDY_SALE_FR,overlap
S_EXTA_IMCM_PH_JOURNEY_ACTIVITY_MASTER_WRONG_21JULY,only in Snowflake
S_EXTA_IMCM_PH_CONTACTS,overlap
S_GERS_GER_SAL_NAT_MIXT_QUANTI_PRESN,overlap
S_ALN_ROSTER_MEMBER_TERRITORY_MODEL,only in Snowflake
S_VAULT_IMCM_BUSINESS_UNIT,only in Snowflake
S_IQVIA_HDSC_MTHLY_PGRP_DLVRBL_SUM,overlap
S_IQVIA_HDSC_MTHLY_BNDRYAK2_AC_TYPAK2_PCMDTY_SUM,overlap
S_IQVIA_HDSC_SOCIAL_MEDIA_PLTFM,overlap
S_SAP_ELSA_MD_CU_CUST_SLS_H2R,overlap
S_IQVIA_HDSC_TM_PD_PRODAK5_FRMLRY_REIMBMNT_CATG_GENDER_AGE_SUM,overlap
S_IQVIA_HDSC_PROD_PCMDTY_GRP,overlap
S_SAP_SDO_PIS,overlap
S_IQVIA_HDSC_MTHLY_ORGNM_PCMDTYAK17_SUM,overlap
FIA_PW_TRAINING,only in Snowflake
S_GERS_GER_SAL_NAT_OFFICINE_QUANTI_ADMN_RTE,overlap
S_REF_HCO_SEGMENTATION_JP,only in Snowflake
S_VEV_EM_EXPENSE_ESTIMATE,only in Snowflake
S_EXTA_EWIZARD_KEYMSGTRACKING,overlap
S_EXTA_IMCM_PH_OPENS,overlap
S_IQVIA_HDSC_MTHLY_BNDRYAK2_MKT_GRPAK5_PRODAK5_SUM,overlap
S_VAULT_INDICATION,overlap
S_ALN_RECORD_TYPE,only in Snowflake
S_IB_DATA_JP,only in Snowflake
S_IQVIA_HDSC_MTHLY_BNDRY_PCMDTY_SUM,overlap
S_CVENT_BUDGETITEM_TAX_PERCENTAGE,overlap
S_GERS_GER_SAL_NAT_DOMTOM_QUANTI_QUALI_COMPLEMENT,overlap
S_INTERNAL_AU_SECDY_SALE_AU,only in Snowflake
S_IQVIA_HDSC_MTHLY_BNDRYAK2_PRODAK5_SUM,overlap
S_SFMC_CAM_TARGETDATAOUTPUT_V2,overlap
S_SAP_ELSA_FACT_META_KEYFIGURE_RESTRICTIONS,overlap
S_ALN_MC_CYCLE_CHANNEL,overlap
S_IQVIA_HDSC_TM_PD_ORGAK6_PCMDTYAK28_SUBSTNAK2_SUM,overlap
S_IQVIA_HDSC_MTHLY_BNDRYAK4_PCMDTYAK23_CHNLAK2_SUM,overlap
S_GA_SESSIONS_HITS_CUSTOM_DIMENSIONS,only in Snowflake
S_SAP_FSR_OVRVW_AMSMADISC,overlap
S_SAP_FSR_OVRVW_WITH_RVNU_AMSMACONT,overlap
S_GERS_GER_SAL_NAT_MIXT_QUANTI_COMPOSN_DCI,only in Snowflake
S_SAP_CNTRCT_BILL_PLAN_OVRVW_AMSMACONT,overlap
S_VEV_EM_VENDOR,only in Snowflake
S_IQVIA_HDSC_MTHLY_BNDRY_PCMDTY_SPCLAK3_GENDERAK2_AGE_SUM,only in Snowflake
FIA_STD_PH_MKTG_MEDIA_bckup_2706,only in Snowflake
S_IQVIA_HDSC_MTHLY_BNDRYNML_AC_TYP_ORGNML_PRODNML_ATC_SUM,overlap
S_IQVIA_HDSC_SUBSTN_STRC,overlap
S_GERS_GER_SAL_NAT_DOMTOM_QUANTI_DRTY_GENERIC_HIST,only in Snowflake
S_IQVIA_HDSC_PCMDTY,overlap
S_IQVIA_HDSC_MTHLY_AC_BNDRYAK4_PRODAK5_SPCLAK6_DOT_SUM,overlap
S_IQVIA_HDSC_CLINSTDY,overlap
S_IQVIA_HDSC_CMDTY_LCYC_TYP,overlap
S_GERS_GER_SAL_SIG_UGA_OFF_STDY_RSLT,overlap
S_VEV_TASK,overlap
S_GERS_GER_SAL_NAT_OFFICINE_QUANTI_STAT_REFUND_RATE_HIST,only in Snowflake
S_IQVIA_HDSC_TM_PD_BNDRYAK5_MEDPRO_TYP_SPCL_SUM,overlap
S_MSS_TCM_SALES_ORG_PREF,only in Snowflake
S_CVENT_BUDGETITEM_APPLICABLE_TAX,overlap
S_MSS_TDM_BI_PROC,only in Snowflake
S_IQVIA_HDSC_MTHLY_BNDRYAK4_SW_MKTAK5_PRODAK5_SPCLAK3_SOBAK2_RX_FILL_TYP_PROD_MKT_SUM,overlap
S_IQVIA_HDSC_MTHLY_RXER_PRODAK8_SOB_SUM,overlap
S_IQVIA_HDSC_PROML_CTCT_FUT_PSCRNG_INTENTN_CATG,overlap
FIA_STD_PH_MKTG_PLD_WEB,only in Snowflake
S_SAP_ELSA_MD_DS_CMPNY_CD_H2R,overlap
S_ALN_TERRITORY_HIST,only in Snowflake
S_GERS_GER_SAL_NAT_OFFICINE_QUANTI_IND_GENERIC_BRAND_DCI,overlap
S_IQVIA_HDSC_TM_PD_RGMN_SUBSTN_DIAG_COND_SOB_SUM,overlap
S_VEV_SENT_FRAGMENT,overlap
S_VAULT_IMCM_CORE_MESSAGE1,overlap
S_ALN_ROSTER_MEMBER_TERRITORY_HIST,only in Snowflake
S_EXTA_IMCM_PH_CLICKS,overlap
S_GERS_GER_SAL_NAT_MIXT_QUANTI_CLAS_ATC,overlap
S_VEV_SURVEY,overlap
S_IQVIA_HDSC_MTHLY_BNDRY_PCMDTYAK23_SPCL_SUM,overlap
S_IQVIA_HDSC_QTRLY_PCMDTYAK17_CHNLAK2_SUM,overlap
S_IQVIA_HDSC_MTHLY_LCL_CLAS_SUM,overlap
S_IQVIA_HDSC_MTHLY_BNDRYAK7_PCMDTYAK23_SUM,overlap
S_GERS_GER_SAL_NAT_OFFICINE_QUANTI_IND_GENERIC_REFERENT,overlap
S_MSS_TCM_WS_PROD_STOR_LOC,only in Snowflake
S_GERS_GER_SAL_NAT_HOSPITAL_QUANTI_CLAS_EPHMRA,overlap
S_SAP_ELSA_MD_MA_CENTRL_UOM_MAT_H2R,overlap
S_IQVIA_HDSC_MTHLY_BNDRYAK7_RXER_PRODAK8_SOB_SUM,overlap
S_CVENT_BUDGETITEM_COST,overlap
S_IQVIA_HDSC_CHNL_ASSC,overlap
S_THIRD_PARTY_HIRA_REIMBMNT_DATA_BNDRY,overlap
FACT_US_LIVERAMP_TTD_VIDEO_EVENTS,only in Snowflake
S_IQVIA_HDSC_TM_PD_PRODAK11_SOB_SUM,overlap
S_SAP_CNTRCT_OVRVW_AMSMABPD,overlap
S_SAP_FSR_OVRVW_WITH_RVNU_AMSMASNOE,overlap
S_PRECISIONAI_CAMPAIGN_TARGET,overlap
S_THIRD_PARTY_BRICK_COUNTRY_DATA _PCMDTY,only in Excel
S_IQVIA_HDSC_PCMDTY_DETL_RX_CATG,overlap
S_GERS_GER_SAL_NAT_HOSPITAL_QUANTI_LBTY,overlap
S_IQVIA_HDSC_TM_PD_PRODAK5_FRMLRY_REIMBMNT_CATG_SOBAK2_SUM,overlap
S_SAP_ELSA_MD_MA_UOM_MAT_H2R,overlap
S_VEV_EM_EVENT,overlap
S_IQVIA_HDSC_MTHLY_PCMDTYAK6_SUM,overlap
S_MSS_TDM_PRC_NHI_PRICE,only in Snowflake
S_VEV_KEY_MESSAGE,overlap
S_GERS_GER_SAL_NAT_DOMTOM_QUANTI_IND_GENERIC_REFERENT,overlap
S_VEV_MC_CYCLE_PLAN_TARGET,overlap
S_GERS_GER_SAL_NAT_DOMTOM_QUANTI_COMPOSN_DCI,only in Snowflake
S_IQVIA_HDSC_DS_ASSC,overlap
S_IQVIA_HDSC_TM_PD_BNDRYAK2_PRODAK5_SOBAK2_SUM,overlap
S_SAP_TDM_USR_MDC_PO_MAP_GO4ONE_ALL,only in Snowflake
S_IQVIA_HDSC_MTHLY_BNDRY_AC_TYP_PRMTR_DISTR_MKT_SUM_CATG_PCMDTY_SUM,overlap
S_PHARMALINK_BNDRY,overlap
S_SAP_SD_CPCON,overlap
S_IQVIA_HDSC_TM_PD_PRODAK5_DOT_SUM,overlap
S_IQVIA_HDSC_MTHLY_PCMDTYAK26_SUM,overlap
S_IQVIA_HDSC_QTRLY_BNDRYAK7_RXER_PRODAK8_SOB_SUM,overlap
S_MEDPEER_TTMS_EVM_WEBCONF_MEDPEER,only in Snowflake
S_VEV_ACCOUNT_LIST,overlap
S_VAULT_IMCM_MESSAGE_TOPIC,overlap
S_IQVIA_HDSC_DAILY_PCMDTY_SUM,overlap
S_IQVIA_HDSC_CNCMTNC_PROD,overlap
S_IQVIA_HDSC_MTHLY_ORGNM_SUM,overlap
S_SECDY_SALE_RAD_SG,only in Snowflake
S_SFMC_CAMPAIGN_INPUT,only in Snowflake
S_VAULT_IMCM_CRM_PRODUCT,overlap
S_PW_EVENT,only in Snowflake
S_IQVIA_HDSC_CURR_EXCH_RT,overlap
S_VEV_VEEVA_TRANSLATION,overlap
S_GERS_GER_SAL_NAT_HOSPITAL_QUANTI_INDICATEUR_BIOSIMILAIRE_BIOREFERENT,overlap
S_GA_SESSIONS_CUSTOM_DIMENSION,only in Snowflake
S_IQVIA_HDSC_ATC,overlap
S_IQVIA_HDSC_TM_PD_PCMDTY_SUM,overlap
S_GMDA_QUARTERLY,overlap
S_VEV_REMOTE_MEETING_ATTENDEE,overlap
S_VEV_MULTICHANNEL_CONTENT,overlap
S_IQVIA_HDSC_MTHLY_AC_BNDRYAK4_PRODAK5_SPCLAK6_SOBAK2_DOSE_SUM,overlap
FIA_STD_LIVERAMP_SFMC_NPLD,only in Snowflake
S_GERS_GER_SAL_NAT_HOSPITAL_QUANTI_GROUPE_BIOSIMILAIRE,overlap
BR_TERRITORY_TABLE,only in Snowflake
S_IQVIA_HDSC_TM_PD_CATG_PRODAK5_SPCLAK4_SUM,overlap
S_VEV_CAMPAIGN_TARGET,overlap
S_IQVIA_HDSC_DS,overlap
S_VEV_SAMPLE_RECEIPT,overlap
S_THIRD_PARTY_MKT_DATA_SCHWAB,overlap
S_GLBL_CONSNT_MDL_CPH_CONSNT_CDP_EXPRY_DATE,overlap
S_SAP_H2R_MD_COSTELEMENT_001_VIEW_001,only in Snowflake
S_IQVIA_HDSC_MTHLY_BNDRYCD_ATC_TRANS_DCATG_SSTDY_SUM,overlap
S_MDM_PROD_GRP_ID,overlap
S_NOZOMI_TMR0094CRY_PAYMENT_NOZOMI,only in Snowflake
S_VEV_INVENTORY_ORDER_ALLOCATION,overlap
S_INTERNAL_DE_EXTL_DLR_SALES_DATA,overlap
S_IQVIA_HDSC_MTHLY_BNDRY_REAL,overlap
S_GERS_GER_ORIGIN_EYLEA,overlap
S_NOZOMI_TTR0094NZM_MEETING_ATD,only in Snowflake
S_IQVIA_HDSC_MTHLY_BNDRYAK4_PRODAK5_ATC_SUBSTNAK2_CHNLAK2_REIMBMNT_SUM,overlap
S_PW_EVENTFINANCIAL,only in Snowflake
S_IQVIA_HDSC_HC_PLN,overlap
S_VEV_APPROVED_DOCUMENT,overlap
S_VEV_SENT_MESSAGE,overlap
S_IQVIA_HDSC_PUR_CNTRCT_ITEM,overlap
S_HR_ABSENCE_HR_COREX,overlap
